CITIZEN_ID,Income
34886,1
34887,0
34888,1
34889,0
34890,0
34891,0
34892,1
34893,0
34894,0
34895,0
34896,0
34897,0
34898,1
34899,1
34900,0
34901,0
34902,0
34903,1
34904,0
34905,0
34906,0
34907,0
34908,0
34909,0
34910,0
34911,0
34912,1
34913,0
34914,1
34915,0
34916,0
34917,1
34918,1
34919,0
34920,0
34921,0
34922,0
34923,0
34924,0
34925,0
34926,1
34927,0
34928,0
34929,0
34930,0
34931,0
34932,0
34933,0
34934,0
34935,0
34936,0
34937,1
34938,1
34939,1
34940,0
34941,1
34942,0
34943,0
34944,0
34945,1
34946,1
34947,0
34948,0
34949,0
34950,0
34951,0
34952,1
34953,1
34954,0
34955,1
34956,0
34957,0
34958,0
34959,1
34960,0
34961,0
34962,0
34963,0
34964,0
34965,0
34966,0
34967,1
34968,1
34969,0
34970,0
34971,0
34972,0
34973,0
34974,0
34975,1
34976,0
34977,0
34978,1
34979,0
34980,0
34981,0
34982,1
34983,0
34984,0
34985,0
34986,0
34987,0
34988,0
34989,0
34990,0
34991,0
34992,0
34993,1
34994,0
34995,1
34996,0
34997,0
34998,1
34999,0
35000,1
35001,1
35002,0
35003,0
35004,0
35005,0
35006,0
35007,0
35008,0
35009,0
35010,1
35011,1
35012,0
35013,0
35014,0
35015,0
35016,0
35017,0
35018,1
35019,0
35020,1
35021,1
35022,0
35023,0
35024,0
35025,0
35026,0
35027,0
35028,1
35029,1
35030,1
35031,0
35032,0
35033,0
35034,0
35035,0
35036,1
35037,0
35038,0
35039,1
35040,1
35041,0
35042,0
35043,1
35044,1
35045,0
35046,0
35047,0
35048,0
35049,0
35050,0
35051,0
35052,0
35053,0
35054,1
35055,0
35056,0
35057,1
35058,0
35059,0
35060,0
35061,0
35062,0
35063,0
35064,0
35065,1
35066,0
35067,1
35068,0
35069,0
35070,0
35071,0
35072,0
35073,0
35074,0
35075,0
35076,0
35077,0
35078,0
35079,0
35080,0
35081,0
35082,1
35083,1
35084,0
35085,0
35086,0
35087,0
35088,0
35089,0
35090,0
35091,1
35092,0
35093,0
35094,1
35095,0
35096,1
35097,0
35098,0
35099,0
35100,0
35101,0
35102,0
35103,1
35104,0
35105,0
35106,0
35107,1
35108,0
35109,0
35110,0
35111,0
35112,0
35113,1
35114,0
35115,0
35116,0
35117,1
35118,1
35119,0
35120,0
35121,1
35122,0
35123,0
35124,1
35125,0
35126,0
35127,0
35128,0
35129,0
35130,1
35131,0
35132,0
35133,0
35134,0
35135,0
35136,1
35137,0
35138,0
35139,1
35140,0
35141,1
35142,1
35143,0
35144,0
35145,0
35146,0
35147,1
35148,0
35149,0
35150,0
35151,0
35152,0
35153,0
35154,0
35155,0
35156,0
35157,0
35158,0
35159,0
35160,0
35161,0
35162,0
35163,0
35164,0
35165,1
35166,0
35167,1
35168,0
35169,0
35170,0
35171,0
35172,0
35173,0
35174,0
35175,0
35176,1
35177,0
35178,0
35179,0
35180,0
35181,1
35182,0
35183,0
35184,0
35185,1
35186,0
35187,0
35188,0
35189,0
35190,1
35191,1
35192,0
35193,0
35194,1
35195,1
35196,0
35197,1
35198,0
35199,0
35200,0
35201,0
35202,0
35203,0
35204,0
35205,0
35206,0
35207,1
35208,0
35209,0
35210,0
35211,1
35212,0
35213,0
35214,0
35215,0
35216,1
35217,0
35218,0
35219,0
35220,0
35221,0
35222,0
35223,1
35224,0
35225,0
35226,1
35227,0
35228,0
35229,0
35230,1
35231,0
35232,1
35233,0
35234,0
35235,0
35236,0
35237,1
35238,1
35239,0
35240,0
35241,0
35242,0
35243,0
35244,0
35245,1
35246,0
35247,0
35248,0
35249,0
35250,0
35251,0
35252,0
35253,0
35254,0
35255,0
35256,0
35257,0
35258,1
35259,0
35260,0
35261,0
35262,1
35263,0
35264,0
35265,0
35266,0
35267,0
35268,0
35269,0
35270,1
35271,1
35272,0
35273,1
35274,1
35275,0
35276,1
35277,0
35278,0
35279,0
35280,0
35281,0
35282,0
35283,0
35284,0
35285,0
35286,0
35287,0
35288,0
35289,0
35290,0
35291,1
35292,0
35293,1
35294,0
35295,0
35296,0
35297,0
35298,0
35299,1
35300,0
35301,0
35302,0
35303,0
35304,0
35305,0
35306,0
35307,0
35308,1
35309,0
35310,0
35311,0
35312,0
35313,0
35314,0
35315,0
35316,0
35317,0
35318,0
35319,0
35320,0
35321,0
35322,1
35323,0
35324,0
35325,0
35326,0
35327,0
35328,0
35329,0
35330,1
35331,0
35332,0
35333,0
35334,1
35335,0
35336,0
35337,0
35338,0
35339,1
35340,0
35341,1
35342,0
35343,0
35344,0
35345,0
35346,0
35347,0
35348,0
35349,0
35350,1
35351,1
35352,0
35353,1
35354,1
35355,0
35356,0
35357,0
35358,0
35359,0
35360,0
35361,0
35362,0
35363,0
35364,1
35365,0
35366,0
35367,0
35368,1
35369,0
35370,0
35371,0
35372,1
35373,1
35374,0
35375,0
35376,0
35377,0
35378,0
35379,0
35380,1
35381,0
35382,0
35383,0
35384,0
35385,0
35386,1
35387,0
35388,0
35389,0
35390,0
35391,1
35392,0
35393,1
35394,0
35395,0
35396,0
35397,0
35398,0
35399,0
35400,0
35401,0
35402,0
35403,0
35404,0
35405,0
35406,0
35407,0
35408,0
35409,0
35410,0
35411,0
35412,0
35413,0
35414,0
35415,1
35416,0
35417,0
35418,1
35419,1
35420,1
35421,0
35422,0
35423,0
35424,0
35425,0
35426,1
35427,0
35428,0
35429,0
35430,0
35431,1
35432,0
35433,0
35434,0
35435,0
35436,1
35437,0
35438,0
35439,0
35440,0
35441,0
35442,1
35443,0
35444,1
35445,1
35446,0
35447,1
35448,0
35449,1
35450,1
35451,0
35452,1
35453,0
35454,0
35455,0
35456,0
35457,0
35458,0
35459,0
35460,0
35461,0
35462,0
35463,0
35464,0
35465,1
35466,0
35467,0
35468,0
35469,0
35470,0
35471,0
35472,0
35473,0
35474,0
35475,0
35476,0
35477,0
35478,0
35479,1
35480,0
35481,0
35482,0
35483,0
35484,0
35485,0
35486,1
35487,0
35488,0
35489,1
35490,0
35491,0
35492,1
35493,0
35494,0
35495,1
35496,0
35497,0
35498,0
35499,0
35500,0
35501,0
35502,1
35503,0
35504,0
35505,0
35506,0
35507,0
35508,0
35509,0
35510,0
35511,0
35512,0
35513,0
35514,1
35515,1
35516,0
35517,0
35518,0
35519,0
35520,0
35521,1
35522,0
35523,0
35524,0
35525,1
35526,0
35527,0
35528,0
35529,1
35530,0
35531,0
35532,0
35533,0
35534,0
35535,0
35536,0
35537,1
35538,0
35539,0
35540,0
35541,0
35542,1
35543,0
35544,0
35545,0
35546,0
35547,0
35548,0
35549,0
35550,0
35551,0
35552,0
35553,0
35554,0
35555,0
35556,0
35557,0
35558,0
35559,0
35560,0
35561,1
35562,1
35563,0
35564,0
35565,0
35566,1
35567,0
35568,0
35569,0
35570,0
35571,0
35572,1
35573,0
35574,0
35575,0
35576,0
35577,0
35578,1
35579,0
35580,0
35581,0
35582,0
35583,0
35584,0
35585,0
35586,0
35587,0
35588,0
35589,1
35590,0
35591,0
35592,1
35593,0
35594,0
35595,0
35596,0
35597,0
35598,0
35599,1
35600,0
35601,0
35602,0
35603,0
35604,0
35605,0
35606,0
35607,0
35608,0
35609,0
35610,0
35611,0
35612,1
35613,0
35614,0
35615,0
35616,1
35617,0
35618,0
35619,0
35620,0
35621,0
35622,1
35623,0
35624,0
35625,0
35626,1
35627,0
35628,0
35629,0
35630,1
35631,0
35632,1
35633,0
35634,0
35635,0
35636,0
35637,0
35638,0
35639,0
35640,0
35641,0
35642,0
35643,1
35644,0
35645,0
35646,0
35647,0
35648,0
35649,1
35650,1
35651,1
35652,1
35653,0
35654,0
35655,0
35656,0
35657,0
35658,0
35659,0
35660,0
35661,0
35662,0
35663,0
35664,0
35665,0
35666,0
35667,0
35668,0
35669,0
35670,0
35671,0
35672,0
35673,1
35674,1
35675,0
35676,0
35677,0
35678,0
35679,0
35680,0
35681,0
35682,0
35683,1
35684,0
35685,0
35686,0
35687,1
35688,0
35689,0
35690,0
35691,0
35692,1
35693,0
35694,1
35695,1
35696,0
35697,0
35698,0
35699,0
35700,0
35701,0
35702,0
35703,0
35704,1
35705,0
35706,1
35707,1
35708,0
35709,0
35710,1
35711,0
35712,0
35713,1
35714,0
35715,1
35716,0
35717,0
35718,0
35719,0
35720,1
35721,1
35722,0
35723,1
35724,0
35725,0
35726,0
35727,0
35728,1
35729,1
35730,0
35731,1
35732,0
35733,1
35734,0
35735,1
35736,1
35737,0
35738,0
35739,0
35740,1
35741,0
35742,0
35743,0
35744,0
35745,0
35746,1
35747,1
35748,0
35749,0
35750,0
35751,0
35752,1
35753,0
35754,1
35755,0
35756,0
35757,0
35758,0
35759,0
35760,0
35761,1
35762,0
35763,1
35764,0
35765,0
35766,0
35767,0
35768,0
35769,0
35770,1
35771,0
35772,0
35773,1
35774,0
35775,0
35776,0
35777,0
35778,0
35779,0
35780,0
35781,0
35782,1
35783,0
35784,0
35785,0
35786,1
35787,1
35788,0
35789,0
35790,0
35791,0
35792,1
35793,0
35794,0
35795,1
35796,0
35797,0
35798,0
35799,0
35800,1
35801,1
35802,0
35803,0
35804,1
35805,1
35806,0
35807,0
35808,1
35809,0
35810,0
35811,0
35812,0
35813,0
35814,0
35815,0
35816,0
35817,1
35818,0
35819,0
35820,0
35821,1
35822,0
35823,0
35824,0
35825,1
35826,0
35827,1
35828,0
35829,1
35830,0
35831,0
35832,1
35833,1
35834,0
35835,0
35836,0
35837,0
35838,0
35839,0
35840,0
35841,0
35842,0
35843,1
35844,0
35845,0
35846,0
35847,0
35848,1
35849,0
35850,0
35851,0
35852,0
35853,0
35854,1
35855,0
35856,0
35857,1
35858,0
35859,0
35860,0
35861,0
35862,0
35863,0
35864,0
35865,0
35866,0
35867,0
35868,0
35869,0
35870,1
35871,0
35872,0
35873,0
35874,1
35875,0
35876,0
35877,0
35878,0
35879,0
35880,0
35881,0
35882,0
35883,0
35884,0
35885,0
35886,0
35887,0
35888,0
35889,0
35890,0
35891,0
35892,0
35893,1
35894,0
35895,0
35896,1
35897,0
35898,0
35899,0
35900,0
35901,0
35902,0
35903,0
35904,1
35905,0
35906,1
35907,0
35908,0
35909,0
35910,0
35911,0
35912,0
35913,0
35914,0
35915,1
35916,0
35917,0
35918,0
35919,0
35920,0
35921,0
35922,0
35923,0
35924,0
35925,1
35926,1
35927,1
35928,1
35929,0
35930,0
35931,1
35932,0
35933,0
35934,0
35935,0
35936,0
35937,0
35938,0
35939,0
35940,1
35941,0
35942,1
35943,0
35944,0
35945,1
35946,0
35947,1
35948,0
35949,1
35950,1
35951,1
35952,0
35953,0
35954,0
35955,1
35956,0
35957,0
35958,0
35959,1
35960,1
35961,0
35962,0
35963,0
35964,1
35965,1
35966,0
35967,0
35968,0
35969,0
35970,0
35971,0
35972,0
35973,0
35974,0
35975,0
35976,0
35977,1
35978,0
35979,1
35980,0
35981,0
35982,0
35983,0
35984,0
35985,0
35986,0
35987,0
35988,0
35989,0
35990,1
35991,0
35992,0
35993,0
35994,0
35995,0
35996,0
35997,0
35998,0
35999,0
36000,0
36001,0
36002,0
36003,0
36004,1
36005,0
36006,0
36007,1
36008,1
36009,1
36010,0
36011,0
36012,1
36013,0
36014,0
36015,0
36016,0
36017,0
36018,0
36019,0
36020,1
36021,0
36022,0
36023,1
36024,1
36025,0
36026,0
36027,0
36028,1
36029,0
36030,1
36031,0
36032,0
36033,0
36034,0
36035,0
36036,0
36037,0
36038,0
36039,1
36040,0
36041,0
36042,0
36043,0
36044,0
36045,0
36046,1
36047,0
36048,0
36049,1
36050,0
36051,0
36052,1
36053,0
36054,0
36055,0
36056,0
36057,0
36058,0
36059,0
36060,0
36061,0
36062,0
36063,0
36064,0
36065,1
36066,1
36067,0
36068,1
36069,0
36070,0
36071,0
36072,1
36073,0
36074,0
36075,0
36076,0
36077,0
36078,0
36079,1
36080,0
36081,1
36082,0
36083,1
36084,1
36085,0
36086,0
36087,1
36088,0
36089,0
36090,0
36091,1
36092,1
36093,1
36094,0
36095,0
36096,0
36097,1
36098,0
36099,0
36100,0
36101,0
36102,0
36103,0
36104,0
36105,0
36106,0
36107,0
36108,0
36109,0
36110,0
36111,0
36112,0
36113,1
36114,0
36115,0
36116,1
36117,0
36118,0
36119,0
36120,0
36121,0
36122,1
36123,0
36124,0
36125,0
36126,0
36127,0
36128,1
36129,0
36130,0
36131,0
36132,1
36133,0
36134,0
36135,0
36136,0
36137,0
36138,0
36139,0
36140,0
36141,0
36142,0
36143,1
36144,0
36145,0
36146,1
36147,0
36148,1
36149,0
36150,0
36151,0
36152,0
36153,0
36154,0
36155,0
36156,0
36157,0
36158,1
36159,0
36160,0
36161,0
36162,0
36163,0
36164,0
36165,0
36166,0
36167,0
36168,0
36169,0
36170,1
36171,0
36172,0
36173,0
36174,0
36175,1
36176,0
36177,0
36178,0
36179,0
36180,0
36181,0
36182,1
36183,0
36184,0
36185,0
36186,1
36187,0
36188,0
36189,0
36190,0
36191,0
36192,0
36193,0
36194,0
36195,1
36196,1
36197,0
36198,1
36199,0
36200,1
36201,0
36202,0
36203,0
36204,0
36205,0
36206,0
36207,0
36208,0
36209,0
36210,0
36211,0
36212,0
36213,0
36214,0
36215,0
36216,0
36217,0
36218,0
36219,0
36220,1
36221,0
36222,0
36223,0
36224,0
36225,0
36226,1
36227,0
36228,1
36229,0
36230,1
36231,0
36232,0
36233,0
36234,0
36235,0
36236,0
36237,0
36238,1
36239,0
36240,0
36241,0
36242,0
36243,0
36244,1
36245,0
36246,0
36247,1
36248,0
36249,0
36250,1
36251,0
36252,0
36253,0
36254,0
36255,0
36256,0
36257,0
36258,0
36259,0
36260,0
36261,0
36262,1
36263,1
36264,0
36265,1
36266,0
36267,0
36268,0
36269,0
36270,0
36271,0
36272,0
36273,0
36274,0
36275,0
36276,1
36277,0
36278,0
36279,0
36280,0
36281,0
36282,0
36283,0
36284,0
36285,1
36286,0
36287,0
36288,0
36289,1
36290,0
36291,0
36292,0
36293,0
36294,0
36295,1
36296,1
36297,0
36298,0
36299,0
36300,0
36301,0
36302,0
36303,0
36304,0
36305,0
36306,1
36307,0
36308,0
36309,0
36310,0
36311,1
36312,0
36313,1
36314,1
36315,0
36316,1
36317,1
36318,1
36319,0
36320,0
36321,0
36322,0
36323,1
36324,0
36325,0
36326,0
36327,0
36328,0
36329,0
36330,0
36331,0
36332,1
36333,1
36334,0
36335,0
36336,0
36337,0
36338,1
36339,0
36340,1
36341,0
36342,1
36343,0
36344,0
36345,0
36346,0
36347,1
36348,0
36349,0
36350,0
36351,0
36352,0
36353,0
36354,0
36355,0
36356,0
36357,0
36358,0
36359,0
36360,1
36361,0
36362,1
36363,0
36364,0
36365,1
36366,0
36367,0
36368,0
36369,1
36370,0
36371,0
36372,1
36373,1
36374,0
36375,0
36376,0
36377,1
36378,0
36379,0
36380,1
36381,1
36382,0
36383,0
36384,0
36385,0
36386,1
36387,0
36388,0
36389,0
36390,0
36391,0
36392,0
36393,0
36394,0
36395,0
36396,0
36397,0
36398,0
36399,0
36400,1
36401,0
36402,0
36403,0
36404,1
36405,0
36406,0
36407,0
36408,0
36409,0
36410,0
36411,0
36412,0
36413,0
36414,1
36415,0
36416,0
36417,0
36418,0
36419,0
36420,0
36421,0
36422,1
36423,0
36424,0
36425,0
36426,1
36427,0
36428,0
36429,1
36430,0
36431,0
36432,0
36433,0
36434,0
36435,0
36436,0
36437,0
36438,1
36439,0
36440,0
36441,0
36442,0
36443,0
36444,0
36445,1
36446,0
36447,0
36448,0
36449,0
36450,1
36451,0
36452,0
36453,0
36454,0
36455,0
36456,0
36457,0
36458,1
36459,0
36460,0
36461,1
36462,0
36463,0
36464,0
36465,0
36466,0
36467,0
36468,0
36469,1
36470,0
36471,0
36472,0
36473,0
36474,0
36475,0
36476,1
36477,0
36478,0
36479,0
36480,0
36481,0
36482,0
36483,0
36484,0
36485,0
36486,0
36487,0
36488,1
36489,1
36490,0
36491,0
36492,0
36493,1
36494,0
36495,0
36496,0
36497,0
36498,0
36499,0
36500,0
36501,0
36502,0
36503,0
36504,0
36505,0
36506,0
36507,0
36508,0
36509,1
36510,0
36511,0
36512,0
36513,0
36514,0
36515,1
36516,0
36517,0
36518,0
36519,0
36520,0
36521,0
36522,0
36523,0
36524,0
36525,0
36526,0
36527,0
36528,1
36529,0
36530,0
36531,0
36532,0
36533,1
36534,0
36535,0
36536,0
36537,0
36538,0
36539,0
36540,0
36541,0
36542,0
36543,0
36544,0
36545,0
36546,0
36547,0
36548,0
36549,0
36550,0
36551,1
36552,0
36553,0
36554,0
36555,0
36556,1
36557,0
36558,0
36559,0
36560,1
36561,1
36562,0
36563,0
36564,1
36565,0
36566,1
36567,0
36568,0
36569,0
36570,0
36571,0
36572,1
36573,0
36574,1
36575,1
36576,0
36577,1
36578,0
36579,0
36580,1
36581,0
36582,0
36583,1
36584,0
36585,0
36586,0
36587,0
36588,0
36589,0
36590,1
36591,1
36592,0
36593,0
36594,0
36595,0
36596,1
36597,0
36598,1
36599,0
36600,1
36601,0
36602,0
36603,0
36604,1
36605,1
36606,0
36607,1
36608,1
36609,0
36610,0
36611,1
36612,0
36613,1
36614,0
36615,1
36616,0
36617,0
36618,0
36619,1
36620,1
36621,0
36622,0
36623,1
36624,0
36625,0
36626,1
36627,1
36628,0
36629,0
36630,1
36631,0
36632,0
36633,0
36634,0
36635,0
36636,1
36637,0
36638,0
36639,0
36640,0
36641,0
36642,0
36643,0
36644,0
36645,0
36646,0
36647,0
36648,0
36649,0
36650,0
36651,0
36652,0
36653,0
36654,0
36655,0
36656,0
36657,1
36658,0
36659,0
36660,1
36661,1
36662,0
36663,0
36664,0
36665,0
36666,0
36667,0
36668,1
36669,1
36670,0
36671,0
36672,0
36673,0
36674,0
36675,0
36676,0
36677,0
36678,0
36679,1
36680,0
36681,0
36682,0
36683,0
36684,0
36685,0
36686,1
36687,0
36688,0
36689,0
36690,1
36691,0
36692,0
36693,0
36694,0
36695,0
36696,1
36697,0
36698,1
36699,0
36700,0
36701,1
36702,0
36703,1
36704,0
36705,1
36706,0
36707,0
36708,0
36709,1
36710,1
36711,1
36712,0
36713,0
36714,0
36715,0
36716,0
36717,0
36718,0
36719,0
36720,1
36721,0
36722,0
36723,0
36724,1
36725,0
36726,0
36727,0
36728,1
36729,0
36730,0
36731,0
36732,0
36733,0
36734,0
36735,0
36736,0
36737,0
36738,0
36739,0
36740,0
36741,0
36742,0
36743,0
36744,0
36745,0
36746,1
36747,0
36748,0
36749,0
36750,0
36751,0
36752,0
36753,1
36754,0
36755,0
36756,0
36757,1
36758,0
36759,0
36760,0
36761,0
36762,0
36763,1
36764,0
36765,0
36766,0
36767,0
36768,0
36769,1
36770,0
36771,1
36772,1
36773,0
36774,0
36775,0
36776,0
36777,0
36778,0
36779,0
36780,0
36781,0
36782,0
36783,0
36784,0
36785,0
36786,0
36787,0
36788,0
36789,0
36790,0
36791,0
36792,1
36793,0
36794,0
36795,0
36796,0
36797,0
36798,0
36799,0
36800,0
36801,0
36802,0
36803,0
36804,0
36805,0
36806,0
36807,0
36808,0
36809,0
36810,0
36811,1
36812,0
36813,0
36814,1
36815,0
36816,0
36817,0
36818,0
36819,0
36820,1
36821,1
36822,1
36823,0
36824,1
36825,0
36826,0
36827,0
36828,0
36829,0
36830,0
36831,0
36832,1
36833,0
36834,0
36835,0
36836,0
36837,0
36838,0
36839,0
36840,0
36841,0
36842,0
36843,0
36844,0
36845,0
36846,0
36847,0
36848,0
36849,0
36850,0
36851,0
36852,1
36853,0
36854,0
36855,0
36856,0
36857,0
36858,0
36859,0
36860,1
36861,0
36862,1
36863,1
36864,1
36865,0
36866,0
36867,0
36868,0
36869,0
36870,0
36871,1
36872,0
36873,0
36874,0
36875,1
36876,0
36877,0
36878,0
36879,0
36880,1
36881,0
36882,0
36883,0
36884,0
36885,0
36886,0
36887,0
36888,0
36889,0
36890,0
36891,0
36892,0
36893,0
36894,0
36895,1
36896,0
36897,0
36898,0
36899,0
36900,0
36901,0
36902,0
36903,0
36904,0
36905,0
36906,1
36907,0
36908,0
36909,0
36910,1
36911,0
36912,0
36913,1
36914,0
36915,0
36916,0
36917,0
36918,0
36919,0
36920,0
36921,0
36922,0
36923,1
36924,0
36925,0
36926,0
36927,0
36928,0
36929,0
36930,0
36931,0
36932,0
36933,1
36934,1
36935,1
36936,0
36937,1
36938,0
36939,0
36940,0
36941,1
36942,0
36943,1
36944,1
36945,0
36946,0
36947,0
36948,0
36949,0
36950,0
36951,0
36952,0
36953,1
36954,0
36955,1
36956,1
36957,0
36958,0
36959,0
36960,0
36961,0
36962,0
36963,0
36964,0
36965,1
36966,0
36967,0
36968,0
36969,0
36970,0
36971,0
36972,0
36973,1
36974,1
36975,0
36976,0
36977,0
36978,0
36979,0
36980,0
36981,0
36982,0
36983,0
36984,0
36985,0
36986,0
36987,1
36988,0
36989,0
36990,0
36991,0
36992,0
36993,0
36994,0
36995,1
36996,0
36997,0
36998,1
36999,1
37000,0
37001,0
37002,0
37003,0
37004,0
37005,0
37006,0
37007,0
37008,0
37009,1
37010,0
37011,0
37012,0
37013,1
37014,0
37015,1
37016,0
37017,1
37018,0
37019,1
37020,0
37021,0
37022,0
37023,0
37024,0
37025,0
37026,0
37027,0
37028,0
37029,0
37030,0
37031,0
37032,1
37033,0
37034,0
37035,0
37036,0
37037,0
37038,0
37039,1
37040,1
37041,0
37042,1
37043,0
37044,0
37045,0
37046,1
37047,1
37048,0
37049,0
37050,0
37051,0
37052,0
37053,0
37054,0
37055,0
37056,0
37057,0
37058,0
37059,0
37060,0
37061,0
37062,1
37063,1
37064,0
37065,0
37066,1
37067,0
37068,0
37069,0
37070,0
37071,0
37072,0
37073,0
37074,0
37075,0
37076,0
37077,0
37078,0
37079,0
37080,1
37081,0
37082,0
37083,0
37084,0
37085,0
37086,0
37087,0
37088,0
37089,0
37090,0
37091,0
37092,1
37093,0
37094,0
37095,0
37096,0
37097,0
37098,0
37099,1
37100,0
37101,1
37102,0
37103,0
37104,0
37105,0
37106,0
37107,0
37108,0
37109,0
37110,0
37111,1
37112,0
37113,0
37114,0
37115,0
37116,0
37117,0
37118,0
37119,0
37120,0
37121,0
37122,0
37123,1
37124,0
37125,0
37126,1
37127,0
37128,0
37129,0
37130,0
37131,0
37132,0
37133,1
37134,0
37135,1
37136,0
37137,0
37138,1
37139,0
37140,0
37141,1
37142,0
37143,1
37144,1
37145,1
37146,0
37147,0
37148,0
37149,0
37150,0
37151,0
37152,1
37153,0
37154,1
37155,0
37156,0
37157,1
37158,0
37159,0
37160,0
37161,0
37162,0
37163,0
37164,0
37165,1
37166,0
37167,0
37168,0
37169,1
37170,0
37171,0
37172,0
37173,0
37174,0
37175,0
37176,0
37177,0
37178,0
37179,1
37180,1
37181,0
37182,0
37183,0
37184,0
37185,0
37186,0
37187,0
37188,0
37189,0
37190,0
37191,0
37192,0
37193,0
37194,1
37195,0
37196,0
37197,0
37198,0
37199,0
37200,0
37201,0
37202,0
37203,0
37204,0
37205,1
37206,0
37207,0
37208,0
37209,0
37210,0
37211,1
37212,0
37213,1
37214,0
37215,0
37216,0
37217,1
37218,0
37219,1
37220,0
37221,1
37222,0
37223,0
37224,1
37225,0
37226,1
37227,0
37228,0
37229,0
37230,0
37231,0
37232,0
37233,0
37234,0
37235,0
37236,0
37237,0
37238,0
37239,0
37240,1
37241,0
37242,0
37243,0
37244,0
37245,0
37246,0
37247,1
37248,0
37249,0
37250,0
37251,0
37252,0
37253,0
37254,0
37255,0
37256,1
37257,1
37258,1
37259,1
37260,1
37261,0
37262,0
37263,1
37264,0
37265,0
37266,0
37267,0
37268,0
37269,0
37270,0
37271,0
37272,1
37273,1
37274,0
37275,0
37276,0
37277,0
37278,0
37279,1
37280,0
37281,0
37282,0
37283,0
37284,0
37285,1
37286,0
37287,0
37288,1
37289,0
37290,1
37291,0
37292,1
37293,1
37294,0
37295,0
37296,0
37297,0
37298,0
37299,0
37300,1
37301,0
37302,0
37303,0
37304,0
37305,0
37306,0
37307,1
37308,1
37309,0
37310,1
37311,1
37312,1
37313,0
37314,1
37315,0
37316,0
37317,1
37318,0
37319,0
37320,0
37321,1
37322,0
37323,0
37324,1
37325,1
37326,0
37327,1
37328,1
37329,0
37330,1
37331,1
37332,0
37333,0
37334,0
37335,1
37336,0
37337,0
37338,0
37339,0
37340,0
37341,1
37342,0
37343,0
37344,0
37345,0
37346,0
37347,0
37348,0
37349,1
37350,0
37351,0
37352,0
37353,0
37354,1
37355,1
37356,0
37357,0
37358,1
37359,0
37360,1
37361,0
37362,0
37363,0
37364,0
37365,1
37366,0
37367,0
37368,0
37369,0
37370,0
37371,0
37372,0
37373,0
37374,0
37375,0
37376,0
37377,0
37378,0
37379,0
37380,0
37381,0
37382,0
37383,1
37384,0
37385,0
37386,0
37387,0
37388,0
37389,0
37390,0
37391,1
37392,0
37393,0
37394,0
37395,1
37396,0
37397,1
37398,0
37399,0
37400,0
37401,0
37402,0
37403,0
37404,0
37405,0
37406,1
37407,1
37408,0
37409,1
37410,1
37411,1
37412,0
37413,0
37414,1
37415,0
37416,0
37417,0
37418,0
37419,1
37420,1
37421,0
37422,0
37423,0
37424,0
37425,0
37426,0
37427,1
37428,0
37429,0
37430,0
37431,0
37432,0
37433,0
37434,1
37435,0
37436,1
37437,0
37438,1
37439,0
37440,0
37441,0
37442,0
37443,0
37444,0
37445,1
37446,0
37447,0
37448,0
37449,0
37450,1
37451,0
37452,0
37453,0
37454,0
37455,1
37456,0
37457,1
37458,0
37459,0
37460,0
37461,0
37462,1
37463,0
37464,0
37465,1
37466,0
37467,0
37468,0
37469,0
37470,0
37471,0
37472,0
37473,0
37474,0
37475,0
37476,0
37477,1
37478,1
37479,0
37480,0
37481,0
37482,0
37483,0
37484,1
37485,0
37486,0
37487,0
37488,1
37489,0
37490,0
37491,1
37492,0
37493,0
37494,0
37495,0
37496,0
37497,0
37498,0
37499,0
37500,0
37501,0
37502,0
37503,0
37504,0
37505,0
37506,1
37507,0
37508,1
37509,0
37510,0
37511,0
37512,1
37513,0
37514,0
37515,0
37516,0
37517,0
37518,1
37519,1
37520,0
37521,0
37522,0
37523,0
37524,0
37525,0
37526,0
37527,0
37528,0
37529,0
37530,0
37531,0
37532,0
37533,0
37534,1
37535,0
37536,0
37537,0
37538,0
37539,0
37540,0
37541,0
37542,1
37543,0
37544,0
37545,1
37546,0
37547,0
37548,0
37549,0
37550,0
37551,1
37552,0
37553,0
37554,0
37555,0
37556,0
37557,0
37558,0
37559,0
37560,1
37561,0
37562,1
37563,0
37564,0
37565,1
37566,0
37567,0
37568,0
37569,1
37570,1
37571,0
37572,0
37573,1
37574,0
37575,0
37576,0
37577,1
37578,0
37579,0
37580,0
37581,1
37582,0
37583,0
37584,0
37585,1
37586,0
37587,1
37588,1
37589,0
37590,0
37591,0
37592,0
37593,0
37594,0
37595,0
37596,0
37597,0
37598,1
37599,1
37600,0
37601,0
37602,1
37603,0
37604,1
37605,1
37606,0
37607,0
37608,0
37609,0
37610,0
37611,0
37612,0
37613,0
37614,0
37615,1
37616,0
37617,0
37618,0
37619,1
37620,0
37621,0
37622,1
37623,0
37624,0
37625,0
37626,1
37627,1
37628,0
37629,0
37630,0
37631,0
37632,0
37633,0
37634,0
37635,0
37636,1
37637,1
37638,0
37639,0
37640,0
37641,0
37642,0
37643,0
37644,1
37645,0
37646,1
37647,0
37648,1
37649,0
37650,0
37651,1
37652,0
37653,0
37654,0
37655,0
37656,0
37657,0
37658,0
37659,1
37660,0
37661,1
37662,0
37663,1
37664,1
37665,0
37666,1
37667,1
37668,0
37669,0
37670,0
37671,0
37672,0
37673,0
37674,1
37675,0
37676,0
37677,0
37678,1
37679,1
37680,0
37681,0
37682,1
37683,0
37684,0
37685,0
37686,1
37687,0
37688,0
37689,0
37690,0
37691,0
37692,1
37693,0
37694,0
37695,1
37696,0
37697,0
37698,0
37699,0
37700,0
37701,0
37702,1
37703,1
37704,0
37705,0
37706,0
37707,1
37708,0
37709,0
37710,0
37711,0
37712,0
37713,0
37714,1
37715,0
37716,1
37717,0
37718,1
37719,0
37720,0
37721,0
37722,0
37723,0
37724,0
37725,0
37726,0
37727,1
37728,0
37729,0
37730,0
37731,0
37732,1
37733,0
37734,0
37735,1
37736,0
37737,0
37738,0
37739,1
37740,0
37741,1
37742,1
37743,0
37744,1
37745,0
37746,1
37747,0
37748,1
37749,0
37750,0
37751,0
37752,0
37753,0
37754,0
37755,1
37756,0
37757,1
37758,0
37759,0
37760,0
37761,0
37762,0
37763,0
37764,0
37765,0
37766,1
37767,0
37768,1
37769,0
37770,0
37771,0
37772,1
37773,0
37774,0
37775,0
37776,0
37777,0
37778,0
37779,0
37780,0
37781,0
37782,0
37783,1
37784,1
37785,0
37786,0
37787,0
37788,0
37789,0
37790,0
37791,1
37792,0
37793,0
37794,0
37795,0
37796,0
37797,0
37798,0
37799,0
37800,0
37801,0
37802,0
37803,1
37804,0
37805,0
37806,0
37807,1
37808,0
37809,0
37810,0
37811,0
37812,0
37813,0
37814,0
37815,1
37816,0
37817,0
37818,1
37819,1
37820,0
37821,0
37822,1
37823,0
37824,0
37825,0
37826,0
37827,1
37828,0
37829,0
37830,0
37831,0
37832,0
37833,0
37834,1
37835,1
37836,1
37837,0
37838,1
37839,0
37840,0
37841,0
37842,0
37843,0
37844,0
37845,0
37846,0
37847,0
37848,0
37849,0
37850,0
37851,0
37852,0
37853,0
37854,0
37855,0
37856,0
37857,0
37858,1
37859,0
37860,0
37861,0
37862,0
37863,0
37864,0
37865,1
37866,0
37867,0
37868,0
37869,0
37870,0
37871,1
37872,0
37873,1
37874,1
37875,0
37876,0
37877,1
37878,0
37879,0
37880,0
37881,0
37882,0
37883,1
37884,0
37885,1
37886,1
37887,0
37888,0
37889,0
37890,0
37891,1
37892,0
37893,0
37894,0
37895,0
37896,0
37897,0
37898,0
37899,0
37900,0
37901,0
37902,0
37903,0
37904,0
37905,1
37906,0
37907,0
37908,0
37909,0
37910,0
37911,0
37912,0
37913,0
37914,0
37915,0
37916,1
37917,0
37918,1
37919,0
37920,0
37921,1
37922,0
37923,0
37924,0
37925,0
37926,0
37927,0
37928,0
37929,1
37930,0
37931,1
37932,1
37933,0
37934,0
37935,0
37936,1
37937,0
37938,0
37939,1
37940,0
37941,1
37942,0
37943,1
37944,1
37945,0
37946,0
37947,0
37948,0
37949,0
37950,0
37951,0
37952,0
37953,0
37954,0
37955,1
37956,0
37957,0
37958,0
37959,0
37960,1
37961,1
37962,0
37963,0
37964,0
37965,0
37966,0
37967,1
37968,0
37969,0
37970,0
37971,0
37972,0
37973,0
37974,0
37975,0
37976,0
37977,0
37978,0
37979,0
37980,0
37981,1
37982,0
37983,0
37984,0
37985,0
37986,0
37987,0
37988,0
37989,0
37990,1
37991,0
37992,0
37993,0
37994,0
37995,0
37996,0
37997,1
37998,0
37999,0
38000,0
38001,0
38002,0
38003,1
38004,0
38005,0
38006,0
38007,0
38008,1
38009,0
38010,0
38011,0
38012,0
38013,0
38014,0
38015,0
38016,0
38017,0
38018,1
38019,1
38020,0
38021,0
38022,1
38023,1
38024,0
38025,0
38026,0
38027,0
38028,1
38029,0
38030,1
38031,0
38032,0
38033,0
38034,0
38035,0
38036,1
38037,1
38038,0
38039,0
38040,0
38041,0
38042,0
38043,1
38044,0
38045,0
38046,0
38047,0
38048,0
38049,0
38050,0
38051,1
38052,0
38053,1
38054,0
38055,1
38056,0
38057,0
38058,1
38059,1
38060,0
38061,0
38062,1
38063,0
38064,0
38065,0
38066,0
38067,0
38068,0
38069,0
38070,0
38071,0
38072,0
38073,1
38074,0
38075,0
38076,1
38077,1
38078,0
38079,0
38080,0
38081,0
38082,0
38083,0
38084,0
38085,0
38086,0
38087,0
38088,0
38089,0
38090,0
38091,0
38092,1
38093,0
38094,0
38095,0
38096,1
38097,0
38098,0
38099,1
38100,0
38101,0
38102,0
38103,0
38104,0
38105,0
38106,0
38107,0
38108,0
38109,0
38110,0
38111,0
38112,1
38113,0
38114,0
38115,0
38116,0
38117,0
38118,0
38119,0
38120,0
38121,0
38122,0
38123,0
38124,0
38125,0
38126,1
38127,0
38128,0
38129,0
38130,1
38131,0
38132,1
38133,1
38134,1
38135,0
38136,0
38137,1
38138,0
38139,1
38140,0
38141,1
38142,0
38143,0
38144,1
38145,0
38146,1
38147,0
38148,0
38149,0
38150,1
38151,0
38152,0
38153,0
38154,1
38155,1
38156,0
38157,1
38158,1
38159,0
38160,1
38161,0
38162,0
38163,0
38164,0
38165,0
38166,1
38167,1
38168,1
38169,1
38170,0
38171,0
38172,1
38173,0
38174,1
38175,0
38176,0
38177,0
38178,1
38179,0
38180,0
38181,0
38182,1
38183,0
38184,1
38185,0
38186,0
38187,0
38188,0
38189,1
38190,0
38191,0
38192,0
38193,1
38194,0
38195,0
38196,0
38197,0
38198,1
38199,0
38200,0
38201,0
38202,0
38203,0
38204,0
38205,1
38206,0
38207,0
38208,1
38209,0
38210,0
38211,1
38212,0
38213,0
38214,0
38215,0
38216,0
38217,0
38218,1
38219,0
38220,0
38221,0
38222,0
38223,0
38224,0
38225,0
38226,1
38227,0
38228,1
38229,0
38230,0
38231,0
38232,0
38233,1
38234,0
38235,0
38236,0
38237,0
38238,0
38239,0
38240,1
38241,0
38242,1
38243,0
38244,1
38245,0
38246,1
38247,0
38248,1
38249,0
38250,0
38251,0
38252,0
38253,0
38254,1
38255,1
38256,0
38257,0
38258,1
38259,0
38260,1
38261,0
38262,0
38263,1
38264,0
38265,0
38266,0
38267,0
38268,1
38269,0
38270,0
38271,1
38272,0
38273,0
38274,1
38275,1
38276,0
38277,0
38278,0
38279,0
38280,0
38281,0
38282,0
38283,0
38284,0
38285,0
38286,0
38287,0
38288,1
38289,0
38290,0
38291,0
38292,0
38293,0
38294,1
38295,0
38296,0
38297,1
38298,0
38299,0
38300,0
38301,0
38302,0
38303,1
38304,0
38305,1
38306,0
38307,1
38308,0
38309,0
38310,0
38311,0
38312,0
38313,0
38314,0
38315,0
38316,0
38317,0
38318,0
38319,0
38320,0
38321,0
38322,0
38323,0
38324,0
38325,1
38326,0
38327,1
38328,0
38329,0
38330,0
38331,0
38332,0
38333,0
38334,0
38335,0
38336,0
38337,1
38338,0
38339,0
38340,0
38341,1
38342,0
38343,0
38344,0
38345,0
38346,1
38347,1
38348,0
38349,0
38350,0
38351,0
38352,1
38353,0
38354,1
38355,0
38356,0
38357,0
38358,1
38359,1
38360,0
38361,0
38362,0
38363,0
38364,0
38365,0
38366,0
38367,1
38368,0
38369,1
38370,1
38371,0
38372,0
38373,0
38374,0
38375,0
38376,0
38377,0
38378,0
38379,0
38380,0
38381,0
38382,0
38383,0
38384,0
38385,0
38386,0
38387,0
38388,0
38389,0
38390,0
38391,0
38392,0
38393,1
38394,1
38395,0
38396,1
38397,0
38398,0
38399,1
38400,0
38401,1
38402,1
38403,1
38404,0
38405,0
38406,1
38407,1
38408,0
38409,0
38410,1
38411,0
38412,0
38413,0
38414,1
38415,0
38416,0
38417,0
38418,0
38419,0
38420,0
38421,0
38422,0
38423,0
38424,0
38425,0
38426,0
38427,0
38428,0
38429,0
38430,0
38431,1
38432,0
38433,1
38434,0
38435,0
38436,1
38437,1
38438,0
38439,0
38440,0
38441,0
38442,0
38443,0
38444,0
38445,0
38446,0
38447,0
38448,0
38449,0
38450,0
38451,0
38452,0
38453,1
38454,0
38455,0
38456,1
38457,0
38458,0
38459,0
38460,0
38461,0
38462,0
38463,0
38464,1
38465,0
38466,0
38467,0
38468,0
38469,0
38470,1
38471,0
38472,0
38473,1
38474,0
38475,1
38476,0
38477,1
38478,0
38479,0
38480,0
38481,0
38482,0
38483,0
38484,1
38485,0
38486,0
38487,0
38488,0
38489,0
38490,0
38491,0
38492,0
38493,1
38494,1
38495,0
38496,0
38497,0
38498,1
38499,0
38500,0
38501,1
38502,1
38503,0
38504,0
38505,0
38506,0
38507,0
38508,0
38509,0
38510,0
38511,1
38512,0
38513,0
38514,0
38515,1
38516,1
38517,0
38518,0
38519,0
38520,0
38521,0
38522,0
38523,0
38524,0
38525,1
38526,0
38527,0
38528,0
38529,1
38530,1
38531,0
38532,0
38533,1
38534,0
38535,1
38536,0
38537,0
38538,0
38539,1
38540,0
38541,0
38542,1
38543,1
38544,0
38545,1
38546,0
38547,0
38548,0
38549,1
38550,0
38551,1
38552,0
38553,1
38554,0
38555,1
38556,0
38557,1
38558,0
38559,1
38560,1
38561,1
38562,0
38563,1
38564,0
38565,0
38566,0
38567,1
38568,1
38569,1
38570,0
38571,0
38572,0
38573,0
38574,1
38575,0
38576,0
38577,1
38578,0
38579,0
38580,0
38581,0
38582,0
38583,1
38584,0
38585,0
38586,0
38587,0
38588,0
38589,0
38590,0
38591,0
38592,1
38593,0
38594,0
38595,0
38596,0
38597,0
38598,0
38599,0
38600,0
38601,0
38602,1
38603,0
38604,0
38605,0
38606,0
38607,0
38608,0
38609,0
38610,0
38611,0
38612,1
38613,1
38614,0
38615,0
38616,0
38617,0
38618,1
38619,0
38620,0
38621,1
38622,0
38623,1
38624,1
38625,1
38626,0
38627,0
38628,1
38629,0
38630,0
38631,0
38632,0
38633,1
38634,0
38635,1
38636,0
38637,0
38638,0
38639,0
38640,1
38641,1
38642,0
38643,1
38644,0
38645,1
38646,0
38647,0
38648,0
38649,0
38650,1
38651,0
38652,1
38653,1
38654,1
38655,0
38656,1
38657,0
38658,1
38659,0
38660,0
38661,0
38662,0
38663,0
38664,0
38665,0
38666,1
38667,0
38668,1
38669,0
38670,1
38671,0
38672,0
38673,0
38674,0
38675,1
38676,0
38677,0
38678,0
38679,0
38680,0
38681,1
38682,0
38683,1
38684,0
38685,0
38686,1
38687,0
38688,0
38689,0
38690,0
38691,0
38692,0
38693,0
38694,0
38695,1
38696,1
38697,1
38698,0
38699,0
38700,0
38701,0
38702,0
38703,0
38704,0
38705,0
38706,1
38707,0
38708,1
38709,0
38710,0
38711,0
38712,0
38713,0
38714,0
38715,0
38716,1
38717,0
38718,0
38719,1
38720,0
38721,0
38722,0
38723,0
38724,0
38725,0
38726,0
38727,0
38728,0
38729,0
38730,0
38731,0
38732,0
38733,0
38734,0
38735,0
38736,0
38737,0
38738,0
38739,0
38740,0
38741,1
38742,0
38743,0
38744,0
38745,0
38746,1
38747,0
38748,0
38749,0
38750,1
38751,0
38752,0
38753,1
38754,0
38755,1
38756,0
38757,1
38758,0
38759,0
38760,0
38761,1
38762,1
38763,1
38764,0
38765,0
38766,1
38767,0
38768,0
38769,0
38770,0
38771,0
38772,0
38773,0
38774,0
38775,0
38776,0
38777,0
38778,0
38779,0
38780,1
38781,0
38782,0
38783,0
38784,1
38785,0
38786,0
38787,0
38788,0
38789,0
38790,0
38791,0
38792,0
38793,0
38794,0
38795,0
38796,0
38797,0
38798,0
38799,0
38800,0
38801,0
38802,0
38803,0
38804,0
38805,0
38806,0
38807,1
38808,0
38809,1
38810,0
38811,0
38812,0
38813,0
38814,0
38815,0
38816,0
38817,0
38818,0
38819,0
38820,0
38821,0
38822,0
38823,1
38824,0
38825,0
38826,0
38827,0
38828,0
38829,0
38830,0
38831,0
38832,1
38833,0
38834,1
38835,0
38836,0
38837,0
38838,0
38839,0
38840,0
38841,1
38842,0
38843,0
38844,0
38845,1
38846,1
38847,0
38848,1
38849,1
38850,0
38851,1
38852,1
38853,0
38854,0
38855,1
38856,0
38857,0
38858,1
38859,0
38860,0
38861,0
38862,0
38863,1
38864,1
38865,0
38866,0
38867,0
38868,1
38869,0
38870,1
38871,0
38872,0
38873,0
38874,0
38875,1
38876,0
38877,1
38878,0
38879,0
38880,0
38881,0
38882,0
38883,1
38884,1
38885,0
38886,1
38887,1
38888,0
38889,0
38890,0
38891,0
38892,0
38893,0
38894,0
38895,0
38896,1
38897,0
38898,0
38899,0
38900,0
38901,0
38902,0
38903,0
38904,0
38905,1
38906,0
38907,0
38908,0
38909,0
38910,0
38911,0
38912,1
38913,0
38914,0
38915,1
38916,0
38917,0
38918,0
38919,0
38920,1
38921,0
38922,0
38923,1
38924,0
38925,0
38926,0
38927,0
38928,1
38929,0
38930,1
38931,1
38932,0
38933,1
38934,0
38935,1
38936,0
38937,1
38938,0
38939,0
38940,0
38941,0
38942,0
38943,0
38944,0
38945,0
38946,0
38947,0
38948,0
38949,0
38950,0
38951,0
38952,0
38953,0
38954,0
38955,0
38956,0
38957,0
38958,0
38959,1
38960,0
38961,1
38962,1
38963,1
38964,0
38965,0
38966,0
38967,1
38968,0
38969,0
38970,0
38971,0
38972,1
38973,1
38974,1
38975,0
38976,0
38977,1
38978,0
38979,0
38980,0
38981,0
38982,1
38983,1
38984,0
38985,0
38986,0
38987,0
38988,0
38989,1
38990,0
38991,0
38992,0
38993,0
38994,0
38995,1
38996,1
38997,0
38998,0
38999,0
39000,0
39001,0
39002,0
39003,0
39004,0
39005,0
39006,0
39007,0
39008,1
39009,0
39010,0
39011,1
39012,1
39013,0
39014,0
39015,0
39016,0
39017,0
39018,0
39019,0
39020,0
39021,0
39022,0
39023,0
39024,0
39025,1
39026,0
39027,0
39028,1
39029,0
39030,0
39031,0
39032,0
39033,1
39034,0
39035,1
39036,0
39037,0
39038,0
39039,1
39040,0
39041,0
39042,0
39043,1
39044,0
39045,0
39046,0
39047,0
39048,0
39049,0
39050,0
39051,0
39052,0
39053,0
39054,0
39055,0
39056,0
39057,0
39058,1
39059,1
39060,0
39061,0
39062,0
39063,0
39064,0
39065,0
39066,0
39067,0
39068,0
39069,0
39070,1
39071,0
39072,0
39073,0
39074,0
39075,0
39076,1
39077,0
39078,0
39079,0
39080,0
39081,0
39082,0
39083,0
39084,1
39085,1
39086,0
39087,0
39088,0
39089,0
39090,0
39091,0
39092,0
39093,0
39094,1
39095,1
39096,0
39097,0
39098,0
39099,0
39100,1
39101,0
39102,0
39103,1
39104,0
39105,0
39106,1
39107,0
39108,0
39109,0
39110,0
39111,1
39112,0
39113,0
39114,1
39115,0
39116,0
39117,1
39118,0
39119,0
39120,0
39121,0
39122,0
39123,1
39124,0
39125,0
39126,1
39127,0
39128,0
39129,0
39130,1
39131,0
39132,1
39133,0
39134,0
39135,0
39136,1
39137,0
39138,0
39139,0
39140,1
39141,0
39142,0
39143,0
39144,1
39145,0
39146,0
39147,0
39148,1
39149,0
39150,0
39151,1
39152,0
39153,0
39154,0
39155,0
39156,1
39157,0
39158,0
39159,0
39160,0
39161,0
39162,0
39163,0
39164,1
39165,0
39166,1
39167,0
39168,0
39169,1
39170,0
39171,1
39172,1
39173,1
39174,0
39175,1
39176,0
39177,0
39178,0
39179,1
39180,1
39181,0
39182,0
39183,0
39184,0
39185,1
39186,1
39187,0
39188,0
39189,1
39190,0
39191,0
39192,1
39193,0
39194,0
39195,0
39196,0
39197,0
39198,1
39199,1
39200,1
39201,0
39202,1
39203,0
39204,0
39205,0
39206,0
39207,0
39208,0
39209,0
39210,0
39211,0
39212,0
39213,0
39214,0
39215,0
39216,0
39217,0
39218,0
39219,0
39220,0
39221,0
39222,0
39223,1
39224,0
39225,0
39226,0
39227,0
39228,1
39229,0
39230,0
39231,0
39232,0
39233,0
39234,0
39235,0
39236,0
39237,0
39238,0
39239,0
39240,1
39241,0
39242,0
39243,0
39244,0
39245,0
39246,0
39247,0
39248,0
39249,1
39250,0
39251,0
39252,0
39253,0
39254,0
39255,0
39256,1
39257,0
39258,1
39259,1
39260,1
39261,0
39262,1
39263,0
39264,0
39265,0
39266,0
39267,0
39268,0
39269,1
39270,1
39271,1
39272,0
39273,1
39274,0
39275,1
39276,0
39277,1
39278,0
39279,0
39280,0
39281,0
39282,0
39283,0
39284,1
39285,0
39286,0
39287,0
39288,0
39289,0
39290,0
39291,1
39292,0
39293,0
39294,0
39295,0
39296,0
39297,0
39298,0
39299,1
39300,1
39301,0
39302,0
39303,0
39304,0
39305,0
39306,1
39307,0
39308,0
39309,0
39310,1
39311,0
39312,0
39313,0
39314,0
39315,0
39316,1
39317,1
39318,0
39319,0
39320,0
39321,0
39322,0
39323,0
39324,0
39325,1
39326,0
39327,0
39328,0
39329,0
39330,0
39331,0
39332,0
39333,0
39334,0
39335,1
39336,0
39337,0
39338,1
39339,0
39340,0
39341,1
39342,0
39343,0
39344,0
39345,1
39346,0
39347,1
39348,0
39349,0
39350,1
39351,0
39352,1
39353,0
39354,1
39355,0
39356,0
39357,0
39358,0
39359,0
39360,0
39361,0
39362,0
39363,0
39364,0
39365,0
39366,0
39367,0
39368,0
39369,0
39370,0
39371,1
39372,0
39373,1
39374,1
39375,0
39376,0
39377,0
39378,1
39379,0
39380,0
39381,1
39382,0
39383,0
39384,0
39385,0
39386,0
39387,0
39388,0
39389,0
39390,0
39391,0
39392,0
39393,0
39394,1
39395,1
39396,1
39397,1
39398,1
39399,0
39400,0
39401,0
39402,0
39403,0
39404,0
39405,0
39406,0
39407,0
39408,0
39409,0
39410,0
39411,0
39412,0
39413,1
39414,0
39415,0
39416,0
39417,0
39418,0
39419,0
39420,0
39421,0
39422,0
39423,1
39424,0
39425,0
39426,0
39427,0
39428,0
39429,0
39430,0
39431,0
39432,1
39433,0
39434,0
39435,0
39436,0
39437,0
39438,0
39439,1
39440,1
39441,0
39442,0
39443,1
39444,0
39445,1
39446,1
39447,0
39448,0
39449,0
39450,0
39451,1
39452,0
39453,0
39454,0
39455,0
39456,0
39457,0
39458,0
39459,0
39460,1
39461,0
39462,0
39463,0
39464,0
39465,0
39466,1
39467,1
39468,0
39469,0
39470,1
39471,0
39472,0
39473,0
39474,0
39475,0
39476,0
39477,0
39478,0
39479,1
39480,0
39481,0
39482,0
39483,0
39484,0
39485,0
39486,1
39487,0
39488,1
39489,0
39490,0
39491,1
39492,0
39493,0
39494,0
39495,0
39496,1
39497,0
39498,0
39499,0
39500,0
39501,0
39502,0
39503,0
39504,0
39505,0
39506,0
39507,1
39508,0
39509,0
39510,0
39511,0
39512,1
39513,1
39514,0
39515,0
39516,1
39517,0
39518,0
39519,0
39520,0
39521,1
39522,0
39523,0
39524,0
39525,1
39526,0
39527,0
39528,0
39529,0
39530,0
39531,1
39532,1
39533,0
39534,0
39535,0
39536,0
39537,0
39538,0
39539,0
39540,0
39541,0
39542,1
39543,1
39544,1
39545,1
39546,0
39547,0
39548,1
39549,0
39550,1
39551,1
39552,0
39553,0
39554,0
39555,0
39556,0
39557,0
39558,0
39559,1
39560,1
39561,0
39562,0
39563,0
39564,0
39565,0
39566,0
39567,0
39568,0
39569,0
39570,0
39571,0
39572,0
39573,0
39574,0
39575,1
39576,0
39577,0
39578,0
39579,0
39580,0
39581,0
39582,0
39583,1
39584,1
39585,0
39586,0
39587,0
39588,0
39589,0
39590,0
39591,0
39592,0
39593,0
39594,0
39595,1
39596,0
39597,0
39598,0
39599,0
39600,0
39601,0
39602,1
39603,0
39604,0
39605,0
39606,0
39607,0
39608,1
39609,0
39610,1
39611,0
39612,0
39613,0
39614,0
39615,0
39616,1
39617,0
39618,0
39619,1
39620,0
39621,0
39622,0
39623,0
39624,0
39625,0
39626,0
39627,0
39628,0
39629,1
39630,0
39631,1
39632,0
39633,0
39634,0
39635,0
39636,0
39637,0
39638,0
39639,1
39640,1
39641,0
39642,0
39643,0
39644,0
39645,1
39646,0
39647,0
39648,1
39649,0
39650,1
39651,0
39652,0
39653,0
39654,1
39655,0
39656,1
39657,1
39658,0
39659,0
39660,0
39661,0
39662,0
39663,0
39664,0
39665,1
39666,0
39667,0
39668,0
39669,0
39670,0
39671,0
39672,0
39673,0
39674,0
39675,1
39676,0
39677,1
39678,0
39679,1
39680,0
39681,0
39682,1
39683,0
39684,0
39685,0
39686,0
39687,0
39688,1
39689,0
39690,0
39691,0
39692,0
39693,0
39694,0
39695,1
39696,0
39697,0
39698,0
39699,1
39700,0
39701,0
39702,1
39703,1
39704,0
39705,0
39706,0
39707,0
39708,1
39709,0
39710,1
39711,1
39712,1
39713,0
39714,0
39715,0
39716,0
39717,0
39718,0
39719,0
39720,0
39721,0
39722,0
39723,0
39724,0
39725,1
39726,1
39727,0
39728,0
39729,0
39730,0
39731,0
39732,0
39733,0
39734,0
39735,1
39736,1
39737,0
39738,0
39739,0
39740,0
39741,0
39742,0
39743,0
39744,0
39745,1
39746,0
39747,0
39748,0
39749,0
39750,0
39751,1
39752,0
39753,0
39754,0
39755,0
39756,1
39757,0
39758,0
39759,0
39760,0
39761,0
39762,0
39763,0
39764,0
39765,0
39766,0
39767,1
39768,0
39769,0
39770,0
39771,0
39772,0
39773,0
39774,1
39775,1
39776,0
39777,0
39778,0
39779,0
39780,0
39781,1
39782,1
39783,0
39784,0
39785,0
39786,0
39787,0
39788,0
39789,0
39790,1
39791,0
39792,0
39793,0
39794,0
39795,0
39796,0
39797,1
39798,1
39799,0
39800,0
39801,0
39802,0
39803,1
39804,0
39805,1
39806,0
39807,0
39808,0
39809,0
39810,0
39811,0
39812,0
39813,0
39814,0
39815,0
39816,0
39817,0
39818,0
39819,0
39820,0
39821,0
39822,0
39823,1
39824,1
39825,0
39826,0
39827,0
39828,0
39829,0
39830,0
39831,0
39832,0
39833,0
39834,0
39835,0
39836,0
39837,0
39838,0
39839,1
39840,0
39841,0
39842,0
39843,1
39844,0
39845,0
39846,0
39847,0
39848,0
39849,1
39850,0
39851,0
39852,0
39853,1
39854,0
39855,0
39856,0
39857,0
39858,0
39859,1
39860,0
39861,1
39862,1
39863,0
39864,0
39865,1
39866,0
39867,0
39868,1
39869,1
39870,0
39871,1
39872,0
39873,0
39874,1
39875,0
39876,0
39877,1
39878,0
39879,1
39880,0
39881,0
39882,1
39883,0
39884,0
39885,0
39886,0
39887,0
39888,0
39889,0
39890,1
39891,1
39892,0
39893,0
39894,0
39895,1
39896,0
39897,0
39898,0
39899,0
39900,1
39901,1
39902,0
39903,0
39904,0
39905,0
39906,1
39907,1
39908,0
39909,0
39910,0
39911,1
39912,0
39913,0
39914,0
39915,1
39916,0
39917,0
39918,0
39919,0
39920,0
39921,0
39922,0
39923,0
39924,0
39925,0
39926,0
39927,1
39928,0
39929,0
39930,0
39931,0
39932,0
39933,0
39934,0
39935,0
39936,0
39937,0
39938,0
39939,0
39940,0
39941,0
39942,0
39943,0
39944,0
39945,0
39946,0
39947,0
39948,1
39949,0
39950,0
39951,0
39952,0
39953,0
39954,0
39955,0
39956,1
39957,1
39958,0
39959,1
39960,0
39961,0
39962,1
39963,0
39964,0
39965,0
39966,0
39967,0
39968,0
39969,1
39970,0
39971,0
39972,0
39973,0
39974,0
39975,0
39976,1
39977,0
39978,0
39979,0
39980,0
39981,0
39982,0
39983,1
39984,0
39985,0
39986,0
39987,1
39988,1
39989,0
39990,0
39991,0
39992,1
39993,1
39994,0
39995,1
39996,0
39997,0
39998,1
39999,0
40000,0
40001,0
40002,0
40003,1
40004,0
40005,0
40006,0
40007,1
40008,0
40009,1
40010,0
40011,0
40012,0
40013,0
40014,1
40015,0
40016,0
40017,1
40018,0
40019,0
40020,0
40021,0
40022,0
40023,0
40024,0
40025,0
40026,1
40027,0
40028,1
40029,1
40030,0
40031,0
40032,0
40033,0
40034,0
40035,1
40036,1
40037,0
40038,0
40039,1
40040,0
40041,0
40042,0
40043,1
40044,0
40045,0
40046,0
40047,0
40048,1
40049,0
40050,0
40051,0
40052,0
40053,0
40054,0
40055,0
40056,0
40057,0
40058,1
40059,1
40060,0
40061,0
40062,0
40063,0
40064,0
40065,0
40066,0
40067,0
40068,0
40069,0
40070,0
40071,0
40072,0
40073,0
40074,0
40075,0
40076,0
40077,0
40078,0
40079,0
40080,0
40081,1
40082,0
40083,1
40084,1
40085,0
40086,0
40087,0
40088,0
40089,0
40090,0
40091,0
40092,0
40093,0
40094,0
40095,0
40096,0
40097,0
40098,0
40099,1
40100,0
40101,0
40102,0
40103,1
40104,0
40105,1
40106,0
40107,1
40108,0
40109,1
40110,0
40111,0
40112,1
40113,0
40114,0
40115,0
40116,0
40117,0
40118,0
40119,0
40120,0
40121,0
40122,0
40123,0
40124,1
40125,0
40126,1
40127,0
40128,1
40129,1
40130,0
40131,0
40132,0
40133,0
40134,0
40135,0
40136,0
40137,1
40138,0
40139,1
40140,0
40141,1
40142,0
40143,0
40144,1
40145,0
40146,0
40147,0
40148,1
40149,1
40150,1
40151,0
40152,0
40153,0
40154,0
40155,0
40156,0
40157,0
40158,0
40159,0
40160,0
40161,0
40162,0
40163,0
40164,1
40165,0
40166,0
40167,0
40168,0
40169,1
40170,0
40171,0
40172,0
40173,0
40174,0
40175,0
40176,0
40177,0
40178,1
40179,0
40180,0
40181,0
40182,0
40183,0
40184,0
40185,0
40186,0
40187,0
40188,0
40189,1
40190,1
40191,0
40192,0
40193,0
40194,0
40195,0
40196,0
40197,0
40198,0
40199,0
40200,0
40201,0
40202,1
40203,0
40204,0
40205,0
40206,0
40207,0
40208,0
40209,0
40210,0
40211,0
40212,0
40213,0
40214,0
40215,0
40216,0
40217,0
40218,0
40219,0
40220,0
40221,0
40222,0
40223,0
40224,1
40225,0
40226,0
40227,0
40228,0
40229,0
40230,0
40231,0
40232,0
40233,0
40234,0
40235,0
40236,0
40237,1
40238,1
40239,0
40240,0
40241,0
40242,0
40243,1
40244,0
40245,1
40246,0
40247,0
40248,0
40249,1
40250,0
40251,0
40252,0
40253,0
40254,0
40255,0
40256,0
40257,0
40258,0
40259,1
40260,0
40261,0
40262,0
40263,0
40264,0
40265,0
40266,0
40267,0
40268,0
40269,0
40270,0
40271,1
40272,0
40273,0
40274,0
40275,0
40276,0
40277,0
40278,1
40279,1
40280,0
40281,0
40282,1
40283,1
40284,0
40285,0
40286,0
40287,0
40288,0
40289,0
40290,0
40291,0
40292,0
40293,0
40294,0
40295,0
40296,0
40297,0
40298,0
40299,0
40300,0
40301,0
40302,0
40303,0
40304,0
40305,1
40306,1
40307,0
40308,0
40309,1
40310,1
40311,0
40312,0
40313,0
40314,1
40315,0
40316,0
40317,1
40318,0
40319,0
40320,0
40321,0
40322,0
40323,1
40324,0
40325,0
40326,0
40327,0
40328,0
40329,0
40330,0
40331,0
40332,0
40333,0
40334,0
40335,0
40336,0
40337,0
40338,0
40339,1
40340,0
40341,0
40342,0
40343,0
40344,0
40345,1
40346,0
40347,0
40348,0
40349,0
40350,0
40351,1
40352,0
40353,1
40354,0
40355,1
40356,1
40357,0
40358,0
40359,0
40360,0
40361,0
40362,1
40363,0
40364,0
40365,0
40366,0
40367,0
40368,0
40369,0
40370,0
40371,1
40372,0
40373,0
40374,0
40375,0
40376,0
40377,0
40378,0
40379,1
40380,0
40381,1
40382,1
40383,0
40384,0
40385,0
40386,0
40387,0
40388,0
40389,0
40390,1
40391,1
40392,1
40393,0
40394,0
40395,0
40396,0
40397,0
40398,0
40399,0
40400,0
40401,0
40402,1
40403,0
40404,0
40405,0
40406,1
40407,0
40408,0
40409,0
40410,0
40411,1
40412,0
40413,0
40414,1
40415,0
40416,1
40417,1
40418,0
40419,0
40420,0
40421,0
40422,0
40423,1
40424,0
40425,0
40426,0
40427,0
40428,0
40429,0
40430,0
40431,0
40432,1
40433,1
40434,1
40435,1
40436,1
40437,0
40438,0
40439,0
40440,0
40441,0
40442,1
40443,0
40444,1
40445,0
40446,1
40447,0
40448,0
40449,0
40450,0
40451,0
40452,0
40453,1
40454,0
40455,0
40456,0
40457,0
40458,0
40459,0
40460,1
40461,0
40462,0
40463,0
40464,0
40465,0
40466,0
40467,1
40468,0
40469,0
40470,0
40471,0
40472,0
40473,0
40474,0
40475,1
40476,1
40477,0
40478,0
40479,1
40480,0
40481,1
40482,1
40483,1
40484,0
40485,0
40486,0
40487,0
40488,1
40489,0
40490,1
40491,0
40492,0
40493,0
40494,1
40495,0
40496,1
40497,0
40498,0
40499,1
40500,0
40501,0
40502,0
40503,1
40504,1
40505,0
40506,0
40507,0
40508,1
40509,1
40510,0
40511,0
40512,1
40513,0
40514,1
40515,0
40516,0
40517,1
40518,0
40519,1
40520,0
40521,0
40522,0
40523,0
40524,1
40525,0
40526,0
40527,1
40528,0
40529,0
40530,1
40531,0
40532,0
40533,0
40534,0
40535,0
40536,0
40537,0
40538,0
40539,0
40540,0
40541,0
40542,0
40543,0
40544,0
40545,0
40546,1
40547,1
40548,1
40549,0
40550,0
40551,1
40552,0
40553,1
40554,0
40555,1
40556,0
40557,0
40558,0
40559,1
40560,0
40561,0
40562,0
40563,0
40564,0
40565,0
40566,0
40567,0
40568,0
40569,1
40570,1
40571,0
40572,1
40573,0
40574,0
40575,0
40576,0
40577,1
40578,0
40579,0
40580,0
40581,0
40582,1
40583,1
40584,1
40585,0
40586,1
40587,0
40588,0
40589,1
40590,1
40591,0
40592,0
40593,1
40594,0
40595,0
40596,0
40597,0
40598,0
40599,0
40600,0
40601,0
40602,0
40603,0
40604,0
40605,0
40606,1
40607,0
40608,0
40609,0
40610,0
40611,0
40612,1
40613,1
40614,0
40615,0
40616,0
40617,1
40618,0
40619,1
40620,1
40621,1
40622,0
40623,1
40624,0
40625,1
40626,0
40627,1
40628,0
40629,1
40630,1
40631,0
40632,0
40633,0
40634,0
40635,0
40636,0
40637,0
40638,0
40639,0
40640,0
40641,1
40642,0
40643,0
40644,0
40645,0
40646,0
40647,1
40648,0
40649,0
40650,1
40651,0
40652,0
40653,0
40654,0
40655,1
40656,0
40657,0
40658,0
40659,0
40660,0
40661,0
40662,0
40663,1
40664,0
40665,0
40666,0
40667,1
40668,0
40669,0
40670,0
40671,0
40672,0
40673,0
40674,0
40675,1
40676,1
40677,0
40678,0
40679,0
40680,0
40681,1
40682,0
40683,0
40684,0
40685,0
40686,0
40687,0
40688,0
40689,1
40690,0
40691,1
40692,0
40693,0
40694,0
40695,0
40696,0
40697,1
40698,0
40699,0
40700,0
40701,0
40702,1
40703,1
40704,1
40705,0
40706,0
40707,0
40708,0
40709,1
40710,0
40711,0
40712,0
40713,0
40714,0
40715,1
40716,0
40717,0
40718,1
40719,1
40720,0
40721,0
40722,0
40723,1
40724,0
40725,1
40726,1
40727,1
40728,0
40729,0
40730,0
40731,0
40732,0
40733,0
40734,1
40735,1
40736,0
40737,0
40738,0
40739,1
40740,0
40741,0
40742,0
40743,0
40744,1
40745,1
40746,0
40747,0
40748,0
40749,1
40750,1
40751,0
40752,0
40753,0
40754,0
40755,0
40756,0
40757,0
40758,0
40759,0
40760,0
40761,0
40762,0
40763,0
40764,0
40765,0
40766,0
40767,0
40768,0
40769,1
40770,1
40771,0
40772,0
40773,0
40774,1
40775,0
40776,0
40777,0
40778,0
40779,0
40780,0
40781,0
40782,0
40783,0
40784,1
40785,1
40786,0
40787,0
40788,0
40789,0
40790,0
40791,1
40792,0
40793,0
40794,1
40795,0
40796,0
40797,1
40798,1
40799,0
40800,0
40801,1
40802,0
40803,0
40804,0
40805,1
40806,1
40807,0
40808,0
40809,0
40810,1
40811,0
40812,1
40813,0
40814,0
40815,0
40816,0
40817,1
40818,0
40819,0
40820,0
40821,0
40822,0
40823,1
40824,0
40825,0
40826,0
40827,0
40828,0
40829,0
40830,0
40831,0
40832,1
40833,1
40834,1
40835,0
40836,0
40837,0
40838,0
40839,0
40840,0
40841,0
40842,0
40843,0
40844,0
40845,0
40846,0
40847,1
40848,0
40849,0
40850,0
40851,0
40852,0
40853,0
40854,0
40855,0
40856,0
40857,0
40858,0
40859,1
40860,0
40861,0
40862,0
40863,0
40864,1
40865,1
40866,0
40867,0
40868,0
40869,0
40870,0
40871,0
40872,0
40873,0
40874,0
40875,0
40876,0
40877,0
40878,0
40879,1
40880,0
40881,0
40882,0
40883,0
40884,0
40885,1
40886,1
40887,0
40888,0
40889,0
40890,0
40891,0
40892,0
40893,0
40894,0
40895,0
40896,0
40897,0
40898,0
40899,0
40900,0
40901,0
40902,0
40903,1
40904,0
40905,0
40906,1
40907,0
40908,0
40909,0
40910,0
40911,0
40912,0
40913,0
40914,0
40915,1
40916,0
40917,0
40918,0
40919,1
40920,0
40921,1
40922,1
40923,0
40924,0
40925,0
40926,0
40927,0
40928,0
40929,0
40930,0
40931,1
40932,1
40933,0
40934,0
40935,0
40936,0
40937,0
40938,1
40939,0
40940,0
40941,0
40942,0
40943,1
40944,0
40945,0
40946,0
40947,0
40948,1
40949,0
40950,1
40951,0
40952,1
40953,0
40954,0
40955,0
40956,0
40957,1
40958,0
40959,0
40960,0
40961,0
40962,0
40963,0
40964,0
40965,0
40966,0
40967,0
40968,0
40969,0
40970,0
40971,0
40972,1
40973,0
40974,0
40975,1
40976,1
40977,0
40978,0
40979,0
40980,1
40981,0
40982,0
40983,0
40984,0
40985,0
40986,0
40987,0
40988,0
40989,0
40990,0
40991,1
40992,0
40993,1
40994,0
40995,0
40996,0
40997,0
40998,0
40999,0
41000,0
41001,0
41002,0
41003,0
41004,0
41005,1
41006,1
41007,0
41008,0
41009,0
41010,0
41011,0
41012,0
41013,0
41014,0
41015,1
41016,1
41017,0
41018,1
41019,0
41020,0
41021,1
41022,0
41023,0
41024,0
41025,0
41026,0
41027,0
41028,0
41029,1
41030,1
41031,1
41032,0
41033,0
41034,0
41035,0
41036,0
41037,0
41038,0
41039,0
41040,0
41041,0
41042,0
41043,0
41044,0
41045,1
41046,0
41047,0
41048,0
41049,1
41050,0
41051,0
41052,0
41053,0
41054,0
41055,0
41056,1
41057,1
41058,1
41059,0
41060,1
41061,0
41062,0
41063,0
41064,1
41065,0
41066,0
41067,0
41068,0
41069,1
41070,0
41071,0
41072,0
41073,0
41074,1
41075,0
41076,0
41077,0
41078,0
41079,1
41080,0
41081,0
41082,0
41083,0
41084,0
41085,0
41086,0
41087,0
41088,0
41089,0
41090,1
41091,0
41092,0
41093,0
41094,0
41095,0
41096,1
41097,0
41098,1
41099,0
41100,0
41101,0
41102,0
41103,0
41104,1
41105,0
41106,0
41107,0
41108,0
41109,0
41110,0
41111,1
41112,0
41113,0
41114,0
41115,0
41116,0
41117,0
41118,0
41119,0
41120,1
41121,0
41122,0
41123,1
41124,0
41125,1
41126,0
41127,0
41128,1
41129,1
41130,0
41131,0
41132,1
41133,0
41134,1
41135,1
41136,1
41137,0
41138,0
41139,0
41140,0
41141,0
41142,0
41143,0
41144,0
41145,0
41146,0
41147,1
41148,0
41149,0
41150,0
41151,0
41152,1
41153,0
41154,0
41155,0
41156,0
41157,0
41158,0
41159,0
41160,0
41161,0
41162,0
41163,0
41164,0
41165,0
41166,0
41167,0
41168,0
41169,0
41170,0
41171,0
41172,0
41173,0
41174,0
41175,0
41176,0
41177,0
41178,0
41179,0
41180,1
41181,1
41182,0
41183,0
41184,1
41185,0
41186,0
41187,1
41188,0
41189,0
41190,0
41191,0
41192,0
41193,1
41194,0
41195,0
41196,0
41197,0
41198,1
41199,1
41200,0
41201,1
41202,0
41203,0
41204,0
41205,0
41206,0
41207,0
41208,1
41209,0
41210,0
41211,1
41212,1
41213,1
41214,0
41215,0
41216,1
41217,0
41218,0
41219,0
41220,1
41221,0
41222,0
41223,0
41224,1
41225,0
41226,0
41227,1
41228,1
41229,0
41230,1
41231,0
41232,0
41233,1
41234,0
41235,0
41236,0
41237,0
41238,0
41239,1
41240,1
41241,0
41242,0
41243,1
41244,0
41245,0
41246,0
41247,0
41248,0
41249,0
41250,0
41251,0
41252,1
41253,0
41254,0
41255,0
41256,0
41257,0
41258,0
41259,0
41260,0
41261,1
41262,0
41263,0
41264,0
41265,1
41266,0
41267,0
41268,1
41269,1
41270,0
41271,1
41272,1
41273,0
41274,0
41275,0
41276,0
41277,0
41278,0
41279,0
41280,1
41281,0
41282,0
41283,0
41284,0
41285,1
41286,0
41287,0
41288,0
41289,0
41290,0
41291,1
41292,1
41293,0
41294,0
41295,0
41296,1
41297,0
41298,1
41299,0
41300,0
41301,0
41302,0
41303,0
41304,0
41305,0
41306,0
41307,0
41308,1
41309,0
41310,0
41311,0
41312,0
41313,1
41314,0
41315,0
41316,1
41317,0
41318,0
41319,0
41320,0
41321,0
41322,0
41323,0
41324,0
41325,0
41326,1
41327,0
41328,0
41329,0
41330,0
41331,0
41332,0
41333,0
41334,0
41335,0
41336,1
41337,0
41338,0
41339,0
41340,1
41341,0
41342,0
41343,1
41344,0
41345,0
41346,0
41347,0
41348,1
41349,0
41350,0
41351,0
41352,0
41353,1
41354,1
41355,0
41356,0
41357,0
41358,0
41359,1
41360,0
41361,0
41362,0
41363,0
41364,0
41365,0
41366,0
41367,1
41368,0
41369,1
41370,1
41371,0
41372,0
41373,0
41374,0
41375,0
41376,1
41377,0
41378,0
41379,1
41380,1
41381,0
41382,0
41383,0
41384,0
41385,1
41386,0
41387,0
41388,0
41389,1
41390,1
41391,1
41392,1
41393,0
41394,0
41395,0
41396,0
41397,0
41398,0
41399,0
41400,0
41401,0
41402,0
41403,1
41404,0
41405,0
41406,0
41407,0
41408,0
41409,0
41410,0
41411,0
41412,1
41413,1
41414,0
41415,1
41416,1
41417,0
41418,0
41419,0
41420,1
41421,0
41422,0
41423,0
41424,0
41425,1
41426,0
41427,1
41428,1
41429,0
41430,0
41431,0
41432,0
41433,0
41434,0
41435,0
41436,0
41437,0
41438,0
41439,0
41440,0
41441,0
41442,0
41443,0
41444,0
41445,0
41446,0
41447,0
41448,0
41449,0
41450,0
41451,0
41452,0
41453,0
41454,0
41455,0
41456,1
41457,1
41458,1
41459,0
41460,0
41461,0
41462,0
41463,1
41464,0
41465,0
41466,1
41467,0
41468,0
41469,0
41470,0
41471,0
41472,0
41473,0
41474,0
41475,0
41476,0
41477,0
41478,1
41479,1
41480,1
41481,0
41482,0
41483,0
41484,0
41485,0
41486,0
41487,0
41488,0
41489,0
41490,1
41491,0
41492,0
41493,0
41494,0
41495,0
41496,0
41497,0
41498,0
41499,0
41500,1
41501,0
41502,1
41503,0
41504,0
41505,0
41506,0
41507,0
41508,0
41509,0
41510,0
41511,0
41512,0
41513,0
41514,0
41515,0
41516,0
41517,1
41518,0
41519,0
41520,0
41521,1
41522,0
41523,0
41524,1
41525,0
41526,0
41527,0
41528,0
41529,1
41530,0
41531,0
41532,1
41533,1
41534,0
41535,0
41536,0
41537,0
41538,0
41539,0
41540,0
41541,0
41542,0
41543,0
41544,0
41545,0
41546,0
41547,0
41548,0
41549,0
41550,0
41551,0
41552,0
41553,1
41554,0
41555,0
41556,0
41557,0
41558,0
41559,0
41560,0
41561,0
41562,0
41563,0
41564,0
41565,0
41566,0
41567,1
41568,0
41569,1
41570,0
41571,0
41572,0
41573,1
41574,0
41575,0
41576,0
41577,1
41578,0
41579,0
41580,1
41581,0
41582,0
41583,1
41584,0
41585,0
41586,0
41587,0
41588,0
41589,0
41590,1
41591,0
41592,0
41593,0
41594,0
41595,0
41596,0
41597,0
41598,0
41599,0
41600,0
41601,0
41602,1
41603,0
41604,0
41605,0
41606,0
41607,0
41608,0
41609,0
41610,1
41611,0
41612,0
41613,0
41614,0
41615,0
41616,0
41617,1
41618,0
41619,0
41620,0
41621,0
41622,0
41623,1
41624,0
41625,0
41626,0
41627,1
41628,0
41629,0
41630,0
41631,0
41632,0
41633,1
41634,0
41635,1
41636,0
41637,0
41638,0
41639,1
41640,0
41641,0
41642,0
41643,1
41644,0
41645,1
41646,1
41647,0
41648,0
41649,0
41650,1
41651,0
41652,0
41653,0
41654,0
41655,0
41656,0
41657,0
41658,0
41659,0
41660,0
41661,0
41662,0
41663,0
41664,0
41665,0
41666,0
41667,0
41668,0
41669,0
41670,0
41671,0
41672,1
41673,0
41674,1
41675,0
41676,0
41677,0
41678,0
41679,0
41680,0
41681,0
41682,0
41683,0
41684,0
41685,0
41686,0
41687,0
41688,0
41689,1
41690,0
41691,0
41692,0
41693,0
41694,1
41695,0
41696,0
41697,0
41698,1
41699,0
41700,0
41701,0
41702,0
41703,0
41704,0
41705,0
41706,1
41707,0
41708,0
41709,0
41710,0
41711,0
41712,0
41713,0
41714,0
41715,0
41716,0
41717,0
41718,0
41719,0
41720,0
41721,0
41722,0
41723,0
41724,0
41725,1
41726,0
41727,0
41728,0
41729,0
41730,1
41731,0
41732,1
41733,0
41734,1
41735,0
41736,0
41737,1
41738,0
41739,0
41740,1
41741,0
41742,0
41743,0
41744,1
41745,0
41746,0
41747,0
41748,0
41749,0
41750,0
41751,0
41752,1
41753,1
41754,0
41755,0
41756,1
41757,0
41758,0
41759,1
41760,0
41761,0
41762,0
41763,0
41764,0
41765,0
41766,0
41767,0
41768,0
41769,0
41770,0
41771,0
41772,1
41773,0
41774,0
41775,1
41776,0
41777,0
41778,0
41779,1
41780,0
41781,0
41782,0
41783,0
41784,0
41785,0
41786,0
41787,0
41788,0
41789,0
41790,0
41791,1
41792,0
41793,0
41794,1
41795,1
41796,1
41797,0
41798,0
41799,1
41800,0
41801,0
41802,0
41803,1
41804,0
41805,0
41806,0
41807,0
41808,0
41809,0
41810,1
41811,1
41812,1
41813,0
41814,1
41815,0
41816,0
41817,0
41818,1
41819,0
41820,1
41821,0
41822,0
41823,0
41824,0
41825,1
41826,0
41827,0
41828,0
41829,0
41830,0
41831,0
41832,0
41833,0
41834,0
41835,0
41836,0
41837,1
41838,0
41839,0
41840,0
41841,1
41842,0
41843,1
41844,0
41845,0
41846,1
41847,0
41848,1
41849,1
41850,0
41851,1
41852,1
41853,1
41854,0
41855,0
41856,0
41857,1
41858,1
41859,0
41860,0
41861,0
41862,1
41863,0
41864,0
41865,0
41866,0
41867,0
41868,0
41869,0
41870,1
41871,0
41872,0
41873,0
41874,1
41875,0
41876,0
41877,0
41878,0
41879,1
41880,0
41881,0
41882,0
41883,0
41884,0
41885,0
41886,0
41887,1
41888,1
41889,1
41890,0
41891,0
41892,0
41893,0
41894,1
41895,0
41896,0
41897,0
41898,0
41899,0
41900,0
41901,0
41902,0
41903,0
41904,0
41905,0
41906,1
41907,0
41908,1
41909,0
41910,0
41911,0
41912,1
41913,0
41914,1
41915,0
41916,0
41917,1
41918,1
41919,0
41920,0
41921,0
41922,0
41923,0
41924,1
41925,1
41926,1
41927,0
41928,0
41929,1
41930,0
41931,0
41932,0
41933,0
41934,1
41935,0
41936,1
41937,0
41938,0
41939,0
41940,1
41941,0
41942,0
41943,0
41944,0
41945,1
41946,0
41947,0
41948,1
41949,0
41950,0
41951,0
41952,1
41953,0
41954,0
41955,0
41956,0
41957,0
41958,0
41959,1
41960,0
41961,0
41962,0
41963,0
41964,0
41965,1
41966,0
41967,0
41968,0
41969,0
41970,0
41971,0
41972,1
41973,1
41974,0
41975,0
41976,0
41977,0
41978,1
41979,0
41980,0
41981,0
41982,0
41983,1
41984,0
41985,0
41986,1
41987,0
41988,0
41989,0
41990,0
41991,0
41992,0
41993,0
41994,1
41995,0
41996,0
41997,0
41998,0
41999,0
42000,0
42001,0
42002,0
42003,0
42004,0
42005,0
42006,0
42007,0
42008,0
42009,0
42010,0
42011,0
42012,1
42013,0
42014,0
42015,0
42016,0
42017,1
42018,1
42019,0
42020,0
42021,0
42022,0
42023,1
42024,0
42025,1
42026,0
42027,0
42028,1
42029,0
42030,0
42031,0
42032,1
42033,1
42034,0
42035,0
42036,1
42037,0
42038,0
42039,0
42040,0
42041,0
42042,0
42043,0
42044,1
42045,0
42046,0
42047,0
42048,0
42049,0
42050,0
42051,0
42052,0
42053,1
42054,0
42055,0
42056,0
42057,0
42058,0
42059,0
42060,0
42061,0
42062,0
42063,0
42064,0
42065,0
42066,0
42067,0
42068,0
42069,0
42070,0
42071,0
42072,1
42073,0
42074,0
42075,1
42076,0
42077,1
42078,0
42079,0
42080,0
42081,0
42082,0
42083,0
42084,0
42085,0
42086,0
42087,0
42088,0
42089,0
42090,0
42091,1
42092,0
42093,0
42094,1
42095,0
42096,0
42097,0
42098,0
42099,0
42100,0
42101,0
42102,1
42103,1
42104,0
42105,1
42106,0
42107,0
42108,0
42109,0
42110,0
42111,0
42112,0
42113,0
42114,1
42115,0
42116,0
42117,0
42118,0
42119,1
42120,0
42121,0
42122,0
42123,0
42124,1
42125,0
42126,0
42127,0
42128,1
42129,0
42130,0
42131,1
42132,0
42133,0
42134,0
42135,0
42136,0
42137,0
42138,0
42139,0
42140,0
42141,0
42142,0
42143,0
42144,0
42145,0
42146,0
42147,0
42148,0
42149,0
42150,0
42151,0
42152,0
42153,0
42154,0
42155,0
42156,1
42157,0
42158,0
42159,0
42160,1
42161,1
42162,0
42163,0
42164,0
42165,1
42166,0
42167,0
42168,1
42169,0
42170,0
42171,0
42172,0
42173,0
42174,0
42175,0
42176,0
42177,1
42178,1
42179,0
42180,0
42181,1
42182,0
42183,0
42184,1
42185,0
42186,0
42187,0
42188,0
42189,1
42190,0
42191,0
42192,0
42193,0
42194,0
42195,0
42196,0
42197,0
42198,0
42199,1
42200,0
42201,0
42202,0
42203,0
42204,1
42205,0
42206,0
42207,0
42208,0
42209,0
42210,1
42211,0
42212,0
42213,0
42214,0
42215,0
42216,0
42217,0
42218,0
42219,0
42220,1
42221,0
42222,0
42223,0
42224,0
42225,0
42226,0
42227,0
42228,0
42229,0
42230,0
42231,0
42232,0
42233,0
42234,0
42235,0
42236,1
42237,0
42238,0
42239,1
42240,0
42241,0
42242,0
42243,1
42244,0
42245,0
42246,0
42247,0
42248,0
42249,0
42250,1
42251,1
42252,0
42253,0
42254,0
42255,1
42256,0
42257,0
42258,0
42259,0
42260,0
42261,0
42262,0
42263,1
42264,0
42265,0
42266,0
42267,0
42268,0
42269,0
42270,0
42271,1
42272,0
42273,1
42274,1
42275,0
42276,0
42277,0
42278,0
42279,0
42280,0
42281,1
42282,0
42283,0
42284,0
42285,0
42286,0
42287,0
42288,1
42289,1
42290,1
42291,1
42292,0
42293,0
42294,0
42295,1
42296,0
42297,0
42298,0
42299,0
42300,0
42301,1
42302,0
42303,1
42304,0
42305,0
42306,1
42307,0
42308,1
42309,0
42310,1
42311,1
42312,0
42313,1
42314,0
42315,0
42316,0
42317,0
42318,1
42319,0
42320,0
42321,1
42322,0
42323,0
42324,0
42325,0
42326,0
42327,0
42328,0
42329,0
42330,0
42331,1
42332,0
42333,1
42334,0
42335,0
42336,0
42337,1
42338,0
42339,1
42340,0
42341,1
42342,1
42343,0
42344,0
42345,0
42346,1
42347,0
42348,0
42349,1
42350,0
42351,0
42352,0
42353,0
42354,1
42355,0
42356,0
42357,0
42358,1
42359,0
42360,0
42361,0
42362,0
42363,0
42364,0
42365,0
42366,0
42367,0
42368,0
42369,0
42370,0
42371,1
42372,1
42373,0
42374,0
42375,0
42376,0
42377,0
42378,0
42379,0
42380,0
42381,0
42382,0
42383,1
42384,0
42385,0
42386,0
42387,0
42388,0
42389,1
42390,0
42391,0
42392,0
42393,0
42394,0
42395,0
42396,0
42397,0
42398,1
42399,1
42400,0
42401,0
42402,0
42403,1
42404,0
42405,1
42406,0
42407,1
42408,1
42409,0
42410,1
42411,0
42412,0
42413,0
42414,1
42415,0
42416,0
42417,0
42418,1
42419,0
42420,0
42421,0
42422,0
42423,0
42424,0
42425,0
42426,0
42427,0
42428,0
42429,0
42430,0
42431,0
42432,0
42433,1
42434,1
42435,0
42436,0
42437,0
42438,1
42439,0
42440,0
42441,0
42442,0
42443,0
42444,0
42445,1
42446,0
42447,0
42448,1
42449,0
42450,0
42451,0
42452,1
42453,0
42454,0
42455,1
42456,1
42457,1
42458,0
42459,0
42460,0
42461,0
42462,0
42463,0
42464,1
42465,1
42466,0
42467,0
42468,1
42469,0
42470,0
42471,0
42472,0
42473,0
42474,0
42475,0
42476,0
42477,0
42478,1
42479,0
42480,1
42481,0
42482,0
42483,0
42484,0
42485,1
42486,0
42487,0
42488,0
42489,0
42490,0
42491,0
42492,0
42493,0
42494,0
42495,1
42496,0
42497,0
42498,0
42499,0
42500,1
42501,1
42502,0
42503,0
42504,0
42505,0
42506,1
42507,0
42508,0
42509,1
42510,0
42511,0
42512,0
42513,0
42514,0
42515,1
42516,0
42517,0
42518,0
42519,0
42520,0
42521,0
42522,0
42523,0
42524,0
42525,0
42526,0
42527,0
42528,0
42529,1
42530,0
42531,1
42532,0
42533,0
42534,0
42535,0
42536,1
42537,1
42538,0
42539,1
42540,0
42541,0
42542,1
42543,0
42544,0
42545,0
42546,1
42547,0
42548,0
42549,0
42550,0
42551,0
42552,1
42553,0
42554,0
42555,0
42556,0
42557,0
42558,1
42559,0
42560,0
42561,0
42562,0
42563,1
42564,0
42565,0
42566,0
42567,0
42568,0
42569,0
42570,1
42571,1
42572,0
42573,0
42574,0
42575,1
42576,1
42577,0
42578,0
42579,0
42580,1
42581,0
42582,0
42583,0
42584,1
42585,0
42586,1
42587,1
42588,0
42589,0
42590,0
42591,0
42592,0
42593,0
42594,0
42595,0
42596,0
42597,1
42598,0
42599,0
42600,1
42601,1
42602,1
42603,0
42604,0
42605,1
42606,0
42607,0
42608,0
42609,0
42610,0
42611,0
42612,0
42613,0
42614,0
42615,0
42616,1
42617,1
42618,1
42619,0
42620,0
42621,0
42622,0
42623,0
42624,0
42625,0
42626,1
42627,0
42628,0
42629,1
42630,1
42631,0
42632,0
42633,0
42634,0
42635,0
42636,0
42637,0
42638,0
42639,0
42640,1
42641,0
42642,1
42643,1
42644,0
42645,0
42646,0
42647,0
42648,1
42649,0
42650,0
42651,0
42652,0
42653,1
42654,0
42655,0
42656,1
42657,0
42658,0
42659,0
42660,0
42661,1
42662,1
42663,0
42664,1
42665,0
42666,0
42667,1
42668,0
42669,1
42670,0
42671,0
42672,0
42673,0
42674,0
42675,0
42676,1
42677,0
42678,0
42679,0
42680,0
42681,0
42682,1
42683,0
42684,0
42685,1
42686,0
42687,0
42688,0
42689,0
42690,0
42691,0
42692,0
42693,0
42694,0
42695,0
42696,0
42697,0
42698,1
42699,0
42700,0
42701,0
42702,0
42703,0
42704,0
42705,0
42706,0
42707,0
42708,0
42709,0
42710,1
42711,0
42712,0
42713,0
42714,1
42715,1
42716,0
42717,1
42718,0
42719,0
42720,0
42721,0
42722,0
42723,0
42724,0
42725,0
42726,0
42727,0
42728,1
42729,0
42730,1
42731,0
42732,0
42733,1
42734,0
42735,1
42736,0
42737,0
42738,0
42739,0
42740,0
42741,0
42742,0
42743,0
42744,1
42745,0
42746,0
42747,0
42748,1
42749,0
42750,0
42751,0
42752,1
42753,0
42754,1
42755,0
42756,0
42757,0
42758,0
42759,0
42760,0
42761,0
42762,0
42763,0
42764,0
42765,0
42766,0
42767,0
42768,0
42769,0
42770,0
42771,0
42772,0
42773,0
42774,0
42775,1
42776,0
42777,0
42778,0
42779,0
42780,1
42781,0
42782,0
42783,0
42784,0
42785,0
42786,0
42787,0
42788,0
42789,0
42790,0
42791,0
42792,0
42793,0
42794,0
42795,0
42796,1
42797,0
42798,0
42799,0
42800,0
42801,0
42802,0
42803,1
42804,1
42805,0
42806,0
42807,0
42808,0
42809,0
42810,0
42811,0
42812,0
42813,0
42814,0
42815,0
42816,0
42817,0
42818,0
42819,0
42820,0
42821,0
42822,0
42823,0
42824,1
42825,0
42826,0
42827,0
42828,0
42829,0
42830,0
42831,0
42832,0
42833,1
42834,0
42835,0
42836,1
42837,0
42838,0
42839,0
42840,1
42841,0
42842,0
42843,0
42844,0
42845,1
42846,1
42847,0
42848,1
42849,0
42850,0
42851,0
42852,0
42853,0
42854,1
42855,0
42856,0
42857,1
42858,1
42859,0
42860,0
42861,1
42862,1
42863,1
42864,0
42865,0
42866,0
42867,1
42868,1
42869,0
42870,1
42871,0
42872,0
42873,0
42874,0
42875,0
42876,0
42877,0
42878,0
42879,0
42880,0
42881,0
42882,1
42883,1
42884,0
42885,0
42886,1
42887,1
42888,0
42889,0
42890,0
42891,0
42892,0
42893,0
42894,0
42895,0
42896,0
42897,1
42898,0
42899,0
42900,0
42901,0
42902,1
42903,0
42904,0
42905,1
42906,0
42907,0
42908,0
42909,0
42910,0
42911,0
42912,1
42913,0
42914,0
42915,0
42916,1
42917,0
42918,0
42919,1
42920,0
42921,0
42922,0
42923,0
42924,0
42925,0
42926,0
42927,0
42928,1
42929,0
42930,1
42931,1
42932,0
42933,0
42934,0
42935,0
42936,0
42937,0
42938,0
42939,0
42940,0
42941,0
42942,0
42943,0
42944,0
42945,0
42946,1
42947,0
42948,0
42949,0
42950,0
42951,0
42952,0
42953,0
42954,0
42955,0
42956,0
42957,0
42958,0
42959,0
42960,0
42961,1
42962,0
42963,0
42964,0
42965,0
42966,0
42967,0
42968,0
42969,0
42970,0
42971,1
42972,0
42973,0
42974,1
42975,0
42976,0
42977,1
42978,0
42979,0
42980,1
42981,0
42982,0
42983,0
42984,0
42985,0
42986,0
42987,0
42988,1
42989,0
42990,0
42991,0
42992,0
42993,1
42994,0
42995,1
42996,0
42997,0
42998,0
42999,0
43000,0
43001,0
43002,0
43003,0
43004,0
43005,0
43006,1
43007,1
43008,0
43009,1
43010,0
43011,0
43012,0
43013,1
43014,0
43015,1
43016,0
43017,0
43018,1
43019,1
43020,0
43021,0
43022,0
43023,1
43024,0
43025,0
43026,1
43027,1
43028,1
43029,0
43030,0
43031,1
43032,0
43033,0
43034,0
43035,0
43036,0
43037,0
43038,0
43039,1
43040,1
43041,0
43042,1
43043,1
43044,0
43045,1
43046,1
43047,0
43048,0
43049,1
43050,0
43051,0
43052,0
43053,1
43054,1
43055,0
43056,0
43057,0
43058,1
43059,0
43060,0
43061,0
43062,1
43063,1
43064,0
43065,0
43066,0
43067,1
43068,0
43069,0
43070,1
43071,0
43072,0
43073,0
43074,0
43075,0
43076,0
43077,0
43078,0
43079,1
43080,0
43081,0
43082,0
43083,0
43084,1
43085,1
43086,0
43087,0
43088,0
43089,1
43090,1
43091,0
43092,0
43093,0
43094,0
43095,0
43096,0
43097,0
43098,0
43099,0
43100,0
43101,0
43102,0
43103,0
43104,0
43105,0
43106,1
43107,0
43108,0
43109,0
43110,0
43111,0
43112,0
43113,0
43114,0
43115,0
43116,0
43117,0
43118,0
43119,0
43120,0
43121,0
43122,0
43123,0
43124,0
43125,1
43126,0
43127,0
43128,0
43129,0
43130,1
43131,0
43132,0
43133,0
43134,0
43135,0
43136,0
43137,0
43138,0
43139,0
43140,0
43141,1
43142,1
43143,0
43144,0
43145,0
43146,0
43147,1
43148,0
43149,0
43150,0
43151,0
43152,0
43153,0
43154,1
43155,0
43156,0
43157,0
43158,0
43159,0
43160,0
43161,0
43162,0
43163,0
43164,0
43165,1
43166,1
43167,0
43168,1
43169,0
43170,0
43171,1
43172,0
43173,1
43174,0
43175,0
43176,0
43177,0
43178,0
43179,0
43180,0
43181,0
43182,0
43183,1
43184,1
43185,0
43186,0
43187,0
43188,0
43189,0
43190,0
43191,0
43192,1
43193,0
43194,0
43195,0
43196,0
43197,1
43198,1
43199,1
43200,0
43201,0
43202,0
43203,1
43204,0
43205,0
43206,0
43207,1
43208,1
43209,1
43210,0
43211,0
43212,0
43213,0
43214,0
43215,0
43216,1
43217,0
43218,1
43219,0
43220,0
43221,1
43222,0
43223,0
43224,0
43225,0
43226,1
43227,0
43228,0
43229,0
43230,0
43231,0
43232,0
43233,1
43234,0
43235,0
43236,0
43237,0
43238,1
43239,0
43240,0
43241,0
43242,1
43243,0
43244,1
43245,0
43246,1
43247,1
43248,0
43249,1
43250,0
43251,0
43252,0
43253,0
43254,0
43255,0
43256,0
43257,0
43258,0
43259,1
43260,1
43261,0
43262,0
43263,1
43264,0
43265,0
43266,0
43267,0
43268,0
43269,0
43270,0
43271,0
43272,0
43273,0
43274,0
43275,0
43276,0
43277,0
43278,1
43279,0
43280,0
43281,1
43282,1
43283,1
43284,0
43285,1
43286,0
43287,0
43288,0
43289,0
43290,1
43291,0
43292,0
43293,1
43294,0
43295,0
43296,0
43297,0
43298,0
43299,0
43300,1
43301,0
43302,0
43303,0
43304,0
43305,0
43306,0
43307,0
43308,1
43309,0
43310,0
43311,0
43312,1
43313,1
43314,1
43315,0
43316,1
43317,0
43318,0
43319,0
43320,1
43321,0
43322,0
43323,0
43324,0
43325,0
43326,1
43327,1
43328,0
43329,1
43330,1
43331,1
43332,0
43333,0
43334,0
43335,0
43336,0
43337,0
43338,0
43339,0
43340,1
43341,0
43342,0
43343,0
43344,1
43345,1
43346,0
43347,1
43348,0
43349,1
43350,0
43351,0
43352,1
43353,0
43354,0
43355,0
43356,0
43357,0
43358,1
43359,0
43360,0
43361,0
43362,1
43363,0
43364,0
43365,0
43366,0
43367,0
43368,1
43369,0
43370,0
43371,0
43372,0
43373,0
43374,0
43375,0
43376,1
43377,0
43378,1
43379,0
43380,0
43381,0
43382,1
43383,0
43384,0
43385,0
43386,1
43387,1
43388,0
43389,1
43390,0
43391,1
43392,0
43393,1
43394,0
43395,0
43396,0
43397,1
43398,0
43399,0
43400,0
43401,0
43402,0
43403,1
43404,0
43405,0
43406,0
43407,0
43408,0
43409,1
43410,0
43411,0
43412,0
43413,0
43414,0
43415,0
43416,0
43417,1
43418,0
43419,1
43420,0
43421,0
43422,0
43423,0
43424,0
43425,0
43426,0
43427,0
43428,0
43429,0
43430,0
43431,1
43432,0
43433,0
43434,0
43435,0
43436,1
43437,0
43438,0
43439,1
43440,0
43441,0
43442,1
43443,0
43444,0
43445,0
43446,0
43447,0
43448,0
43449,0
43450,0
43451,0
43452,0
43453,0
43454,0
43455,1
43456,0
43457,1
43458,1
43459,0
43460,0
43461,0
43462,0
43463,0
43464,1
43465,0
43466,0
43467,0
43468,0
43469,0
43470,1
43471,0
43472,0
43473,0
43474,0
43475,0
43476,0
43477,0
43478,0
43479,0
43480,0
43481,0
43482,0
43483,1
43484,0
43485,0
43486,0
43487,0
43488,0
43489,0
43490,0
43491,0
43492,0
43493,0
43494,0
43495,0
43496,1
43497,0
43498,0
43499,0
43500,1
43501,0
43502,1
43503,0
43504,0
43505,0
43506,0
43507,0
43508,0
43509,0
43510,1
43511,1
43512,0
43513,0
43514,0
43515,1
43516,0
43517,0
43518,0
43519,0
43520,0
43521,1
43522,0
43523,0
43524,0
43525,1
43526,1
43527,0
43528,0
43529,0
43530,0
43531,0
43532,0
43533,0
43534,0
43535,0
43536,0
43537,0
43538,0
43539,1
43540,0
43541,0
43542,0
43543,0
43544,0
43545,0
43546,0
43547,1
43548,0
43549,0
43550,0
43551,0
43552,0
43553,0
43554,0
43555,0
43556,0
43557,1
43558,1
43559,0
43560,0
43561,0
43562,0
43563,0
43564,0
43565,1
43566,0
43567,0
43568,1
43569,0
43570,0
43571,0
43572,0
43573,0
43574,0
43575,0
43576,1
43577,0
43578,0
43579,1
43580,0
43581,1
43582,0
43583,0
43584,0
43585,1
43586,0
43587,0
43588,0
43589,0
43590,0
43591,0
43592,1
43593,0
43594,1
43595,0
43596,0
43597,0
43598,1
43599,0
43600,1
43601,0
43602,0
43603,1
43604,0
43605,1
43606,0
43607,1
43608,0
43609,0
43610,0
43611,0
43612,1
43613,0
43614,1
43615,1
43616,0
43617,0
43618,1
43619,0
43620,0
43621,0
43622,0
43623,0
43624,1
43625,1
43626,0
43627,1
43628,0
43629,0
43630,0
43631,0
43632,0
43633,0
43634,0
43635,1
43636,0
43637,0
43638,0
43639,1
43640,0
43641,0
43642,1
43643,0
43644,0
43645,0
43646,0
43647,0
43648,0
43649,0
43650,0
43651,0
43652,1
43653,1
43654,1
43655,1
43656,0
43657,0
43658,0
43659,1
43660,0
43661,1
43662,0
43663,0
43664,1
43665,0
43666,0
43667,0
43668,0
43669,1
43670,0
43671,0
43672,0
43673,0
43674,0
43675,0
43676,0
43677,0
43678,0
43679,0
43680,0
43681,0
43682,0
43683,0
43684,0
43685,0
43686,1
43687,0
43688,0
43689,0
43690,0
43691,0
43692,0
43693,0
43694,1
43695,0
43696,0
43697,0
43698,1
43699,0
43700,1
43701,0
43702,0
43703,0
43704,1
43705,0
43706,0
43707,1
43708,0
43709,0
43710,0
43711,0
43712,0
43713,0
43714,0
43715,0
43716,0
43717,0
43718,0
43719,0
43720,0
43721,0
43722,0
43723,1
43724,0
43725,0
43726,1
43727,0
43728,0
43729,1
43730,1
43731,0
43732,0
43733,0
43734,0
43735,1
43736,0
43737,1
43738,0
43739,0
43740,1
43741,0
43742,0
43743,0
43744,0
43745,0
43746,0
43747,0
43748,0
43749,0
43750,0
43751,0
43752,0
43753,0
43754,0
43755,0
43756,0
43757,0
43758,0
43759,1
43760,0
43761,0
43762,0
43763,0
43764,1
43765,0
43766,0
43767,0
43768,0
43769,0
43770,0
43771,1
43772,0
43773,1
43774,1
43775,0
43776,0
43777,1
43778,1
43779,0
43780,0
43781,0
43782,0
43783,0
43784,1
43785,0
43786,0
43787,1
43788,0
43789,0
43790,1
43791,0
43792,0
43793,0
43794,0
43795,0
43796,1
43797,0
43798,0
43799,0
43800,0
43801,0
43802,0
43803,0
43804,0
43805,0
43806,0
43807,0
43808,1
43809,0
43810,0
43811,0
43812,0
43813,0
43814,0
43815,0
43816,0
43817,0
43818,0
43819,0
43820,0
43821,0
43822,0
43823,0
43824,0
43825,0
43826,0
43827,1
43828,0
43829,0
43830,1
43831,0
43832,0
43833,0
43834,1
43835,0
43836,0
43837,0
43838,1
43839,0
43840,0
43841,0
43842,0
43843,0
43844,0
43845,0
43846,0
43847,0
43848,0
43849,0
43850,1
43851,0
43852,0
43853,0
43854,0
43855,0
43856,0
43857,1
43858,1
43859,0
43860,1
43861,0
43862,1
43863,0
43864,0
43865,0
43866,0
43867,0
43868,0
43869,0
43870,0
43871,1
43872,0
43873,0
43874,0
43875,0
43876,0
43877,0
43878,0
43879,0
43880,0
43881,0
43882,0
43883,0
43884,0
43885,1
43886,1
43887,0
43888,0
43889,0
43890,0
43891,0
43892,0
43893,0
43894,0
43895,0
43896,0
43897,0
43898,1
43899,0
43900,0
43901,0
43902,0
43903,0
43904,0
43905,0
43906,1
43907,0
43908,0
43909,0
43910,0
43911,1
43912,0
43913,0
43914,0
43915,0
43916,0
43917,1
43918,0
43919,0
43920,0
43921,0
43922,1
43923,0
43924,0
43925,0
43926,0
43927,0
43928,0
43929,0
43930,0
43931,0
43932,1
43933,0
43934,1
43935,0
43936,1
43937,0
43938,0
43939,0
43940,0
43941,0
43942,0
43943,0
43944,0
43945,0
43946,0
43947,0
43948,0
43949,1
43950,0
43951,0
43952,1
43953,1
43954,1
43955,0
43956,0
43957,0
43958,0
43959,1
43960,0
43961,0
43962,0
43963,0
43964,1
43965,1
43966,0
43967,1
43968,0
43969,0
43970,0
43971,0
43972,1
43973,0
43974,0
43975,0
43976,0
43977,1
43978,1
43979,0
43980,1
43981,1
43982,0
43983,0
43984,0
43985,0
43986,0
43987,0
43988,0
43989,0
43990,0
43991,0
43992,0
43993,0
43994,0
43995,0
43996,0
43997,0
43998,0
43999,0
44000,0
44001,0
44002,0
44003,0
44004,0
44005,1
44006,0
44007,0
44008,1
44009,0
44010,1
44011,0
44012,0
44013,0
44014,0
44015,0
44016,0
44017,0
44018,1
44019,0
44020,0
44021,0
44022,1
44023,0
44024,0
44025,0
44026,0
44027,0
44028,0
44029,1
44030,0
44031,0
44032,0
44033,0
44034,0
44035,0
44036,1
44037,1
44038,0
44039,1
44040,0
44041,0
44042,0
44043,0
44044,0
44045,1
44046,0
44047,0
44048,1
44049,0
44050,0
44051,1
44052,0
44053,1
44054,0
44055,0
44056,0
44057,0
44058,1
44059,0
44060,0
44061,1
44062,1
44063,0
44064,0
44065,0
44066,0
44067,0
44068,0
44069,0
44070,0
44071,0
44072,0
44073,0
44074,1
44075,0
44076,0
44077,0
44078,1
44079,0
44080,0
44081,0
44082,0
44083,0
44084,0
44085,0
44086,0
44087,1
44088,0
44089,0
44090,0
44091,1
44092,0
44093,0
44094,0
44095,0
44096,0
44097,0
44098,0
44099,1
44100,0
44101,0
44102,0
44103,0
44104,0
44105,0
44106,0
44107,1
44108,0
44109,0
44110,0
44111,0
44112,1
44113,0
44114,0
44115,1
44116,0
44117,0
44118,0
44119,0
44120,1
44121,1
44122,0
44123,0
44124,0
44125,0
44126,0
44127,0
44128,0
44129,0
44130,0
44131,0
44132,0
44133,0
44134,0
44135,1
44136,0
44137,0
44138,0
44139,0
44140,1
44141,0
44142,0
44143,0
44144,0
44145,0
44146,0
44147,0
44148,0
44149,0
44150,0
44151,1
44152,0
44153,0
44154,0
44155,0
44156,0
44157,1
44158,0
44159,0
44160,0
44161,0
44162,1
44163,1
44164,0
44165,0
44166,0
44167,0
44168,0
44169,1
44170,1
44171,1
44172,0
44173,1
44174,0
44175,0
44176,0
44177,0
44178,0
44179,0
44180,0
44181,0
44182,0
44183,0
44184,0
44185,0
44186,1
44187,0
44188,1
44189,0
44190,0
44191,0
44192,0
44193,0
44194,0
44195,0
44196,0
44197,0
44198,0
44199,0
44200,1
44201,0
44202,0
44203,0
44204,0
44205,0
44206,0
44207,0
44208,0
44209,0
44210,1
44211,0
44212,0
44213,0
44214,0
44215,0
44216,0
44217,0
44218,0
44219,1
44220,0
44221,1
44222,0
44223,0
44224,0
44225,1
44226,0
44227,0
44228,1
44229,0
44230,0
44231,0
44232,1
44233,1
44234,1
44235,0
44236,1
44237,0
44238,1
44239,0
44240,0
44241,0
44242,0
44243,0
44244,0
44245,0
44246,1
44247,0
44248,0
44249,0
44250,0
44251,1
44252,0
44253,0
44254,0
44255,0
44256,0
44257,0
44258,0
44259,0
44260,1
44261,1
44262,1
44263,0
44264,1
44265,1
44266,0
44267,0
44268,0
44269,0
44270,0
44271,1
44272,0
44273,1
44274,0
44275,0
44276,0
44277,1
44278,1
44279,0
44280,0
44281,0
44282,0
44283,0
44284,0
44285,0
44286,0
44287,0
44288,0
44289,0
44290,0
44291,0
44292,0
44293,0
44294,1
44295,0
44296,0
44297,0
44298,0
44299,0
44300,0
44301,0
44302,1
44303,0
44304,0
44305,1
44306,0
44307,1
44308,0
44309,0
44310,0
44311,1
44312,0
44313,0
44314,1
44315,0
44316,1
44317,0
44318,0
44319,0
44320,0
44321,0
44322,0
44323,1
44324,1
44325,1
44326,0
44327,1
44328,1
44329,1
44330,0
44331,0
44332,0
44333,1
44334,0
44335,1
44336,0
44337,1
44338,0
44339,0
44340,0
44341,0
44342,0
44343,0
44344,0
44345,0
44346,0
44347,0
44348,0
44349,0
44350,0
44351,0
44352,0
44353,0
44354,0
44355,1
44356,0
44357,0
44358,0
44359,0
44360,0
44361,0
44362,0
44363,0
44364,0
44365,0
44366,0
44367,0
44368,0
44369,0
44370,0
44371,0
44372,0
44373,0
44374,0
44375,0
44376,0
44377,0
44378,0
44379,0
44380,0
44381,1
44382,0
44383,0
44384,0
44385,0
44386,0
44387,0
44388,0
44389,0
44390,1
44391,1
44392,0
44393,0
44394,1
44395,0
44396,0
44397,0
44398,0
44399,0
44400,1
44401,0
44402,0
44403,0
44404,0
44405,1
44406,0
44407,0
44408,1
44409,0
44410,0
44411,0
44412,0
44413,0
44414,1
44415,0
44416,0
44417,0
44418,0
44419,0
44420,0
44421,0
44422,0
44423,0
44424,0
44425,0
44426,0
44427,0
44428,0
44429,0
44430,1
44431,0
44432,0
44433,0
44434,1
44435,0
44436,0
44437,0
44438,0
44439,0
44440,0
44441,0
44442,0
44443,0
44444,0
44445,0
44446,1
44447,1
44448,0
44449,0
44450,0
44451,0
44452,0
44453,0
44454,0
44455,1
44456,0
44457,0
44458,0
44459,0
44460,0
44461,1
44462,0
44463,0
44464,0
44465,0
44466,1
44467,0
44468,1
44469,0
44470,0
44471,0
44472,1
44473,0
44474,1
44475,0
44476,0
44477,0
44478,0
44479,0
44480,0
44481,0
44482,0
44483,1
44484,0
44485,1
44486,0
44487,0
44488,0
44489,0
44490,1
44491,0
44492,0
44493,0
44494,0
44495,1
44496,0
44497,1
44498,0
44499,0
44500,0
44501,0
44502,0
44503,0
44504,0
44505,0
44506,0
44507,1
44508,0
44509,0
44510,0
44511,0
44512,0
44513,0
44514,0
44515,0
44516,1
44517,1
44518,0
44519,0
44520,0
44521,0
44522,0
44523,0
44524,0
44525,0
44526,0
44527,0
44528,0
44529,0
44530,0
44531,0
44532,1
44533,0
44534,0
44535,0
44536,0
44537,0
44538,0
44539,1
44540,0
44541,0
44542,0
44543,1
44544,0
44545,0
44546,0
44547,1
44548,0
44549,0
44550,0
44551,0
44552,0
44553,0
44554,0
44555,0
44556,0
44557,0
44558,0
44559,0
44560,0
44561,1
44562,0
44563,0
44564,0
44565,1
44566,0
44567,0
44568,0
44569,0
44570,0
44571,0
44572,0
44573,0
44574,1
44575,0
44576,0
44577,0
44578,0
44579,1
44580,1
44581,0
44582,0
44583,0
44584,0
44585,1
44586,1
44587,0
44588,0
44589,1
44590,0
44591,1
44592,0
44593,0
44594,0
44595,0
44596,0
44597,0
44598,0
44599,0
44600,0
44601,1
44602,0
44603,0
44604,1
44605,0
44606,0
44607,0
44608,0
44609,0
44610,0
44611,0
44612,0
44613,0
44614,0
44615,0
44616,0
44617,0
44618,0
44619,0
44620,0
44621,0
44622,0
44623,0
44624,0
44625,0
44626,1
44627,0
44628,0
44629,0
44630,0
44631,1
44632,1
44633,0
44634,0
44635,0
44636,0
44637,0
44638,0
44639,1
44640,0
44641,0
44642,0
44643,0
44644,0
44645,0
44646,0
44647,0
44648,1
44649,0
44650,0
44651,0
44652,1
44653,0
44654,0
44655,1
44656,0
44657,1
44658,0
44659,0
44660,1
44661,1
44662,1
44663,0
44664,0
44665,0
44666,0
44667,0
44668,0
44669,0
44670,1
44671,0
44672,0
44673,0
44674,0
44675,0
44676,1
44677,0
44678,0
44679,0
44680,1
44681,1
44682,0
44683,0
44684,0
44685,0
44686,0
44687,0
44688,0
44689,0
44690,0
44691,0
44692,1
44693,0
44694,0
44695,0
44696,0
44697,0
44698,0
44699,0
44700,0
44701,0
44702,0
44703,0
44704,0
44705,0
44706,0
44707,0
44708,1
44709,0
44710,1
44711,0
44712,1
44713,0
44714,0
44715,0
44716,0
44717,0
44718,0
44719,0
44720,0
44721,0
44722,1
44723,0
44724,0
44725,0
44726,0
44727,0
44728,0
44729,1
44730,0
44731,0
44732,0
44733,1
44734,0
44735,0
44736,0
44737,0
44738,0
44739,1
44740,1
44741,0
44742,1
44743,0
44744,0
44745,1
44746,0
44747,0
44748,0
44749,0
44750,0
44751,0
44752,1
44753,1
44754,0
44755,0
44756,0
44757,0
44758,0
44759,0
44760,1
44761,0
44762,0
44763,0
44764,0
44765,0
44766,0
44767,0
44768,0
44769,0
44770,0
44771,0
44772,0
44773,0
44774,1
44775,0
44776,0
44777,1
44778,1
44779,0
44780,0
44781,0
44782,0
44783,1
44784,0
44785,1
44786,0
44787,0
44788,0
44789,0
44790,0
44791,1
44792,1
44793,1
44794,0
44795,0
44796,0
44797,1
44798,0
44799,0
44800,0
44801,0
44802,0
44803,0
44804,0
44805,0
44806,0
44807,0
44808,0
44809,0
44810,0
44811,0
44812,0
44813,0
44814,1
44815,0
44816,1
44817,0
44818,0
44819,1
44820,0
44821,1
44822,1
44823,0
44824,0
44825,0
44826,0
44827,0
44828,0
44829,0
44830,0
44831,0
44832,0
44833,0
44834,0
44835,1
44836,0
44837,0
44838,0
44839,0
44840,0
44841,0
44842,0
44843,1
44844,1
44845,1
44846,0
44847,0
44848,0
44849,1
44850,0
44851,0
44852,1
44853,0
44854,0
44855,0
44856,0
44857,0
44858,1
44859,1
44860,1
44861,0
44862,1
44863,0
44864,0
44865,0
44866,0
44867,0
44868,0
44869,1
44870,1
44871,1
44872,1
44873,0
44874,0
44875,0
44876,0
44877,0
44878,0
44879,1
44880,0
44881,0
44882,0
44883,1
44884,0
44885,0
44886,0
44887,0
44888,1
44889,0
44890,1
44891,0
44892,0
44893,0
44894,0
44895,0
44896,0
44897,0
44898,0
44899,0
44900,0
44901,0
44902,0
44903,1
44904,0
44905,1
44906,0
44907,0
44908,0
44909,0
44910,0
44911,0
44912,0
44913,0
44914,0
44915,0
44916,0
44917,0
44918,0
44919,1
44920,0
44921,1
44922,0
44923,0
44924,1
44925,0
44926,1
44927,0
44928,0
44929,0
44930,1
44931,0
44932,0
44933,0
44934,0
44935,1
44936,0
44937,1
44938,0
44939,0
44940,1
44941,0
44942,1
44943,1
44944,0
44945,1
44946,0
44947,0
44948,1
44949,0
44950,0
44951,0
44952,1
44953,0
44954,0
44955,0
44956,0
44957,0
44958,0
44959,0
44960,0
44961,0
44962,0
44963,1
44964,0
44965,0
44966,0
44967,0
44968,0
44969,0
44970,0
44971,0
44972,0
44973,0
44974,0
44975,0
44976,0
44977,1
44978,0
44979,0
44980,0
44981,1
44982,1
44983,0
44984,0
44985,0
